offer_id,seq,url
gratka-23610677,0,https://thumbs.cdngr.pl/thumb/aHR0cDovL21lZGlhLmRvbXkucGwvaW1nL3pkamVjaWEvZ3JhNjM3MDkvMS9ncmE2MzcwOV9tc18yMzYxMDY3N18xLmpwZyN2PTFfMzgyNzAyOTA4MA==/3x2_l:fill_and_crop/mieszkanie-na-sprzedaz-gdansk-stogi-61-m.jpg
gratka-23610677,1,https://thumbs.cdngr.pl/thumb/aHR0cDovL21lZGlhLmRvbXkucGwvaW1nL3pkamVjaWEvZ3JhNjM3MDkvZi9ncmE2MzcwOV9tc18yMzYxMDY3N18zLmpwZyN2PTFfMzgyNzAyOTA4Mg==/3x2_l:fill_and_crop/mieszkanie-na-sprzedaz-gdansk-stogi-61-m.jpg
gratka-23610677,2,https://thumbs.cdngr.pl/thumb/aHR0cDovL21lZGlhLmRvbXkucGwvaW1nL3pkamVjaWEvZ3JhNjM3MDkvNi9ncmE2MzcwOV9tc18yMzYxMDY3N18yLmpwZyN2PTFfMzgyNzAyOTA4MQ==/3x2_l:fill_and_crop/mieszkanie-na-sprzedaz-gdansk-stogi-61-m.jpg
gratka-23610677,3,https://thumbs.cdngr.pl/thumb/aHR0cDovL21lZGlhLmRvbXkucGwvaW1nL3pkamVjaWEvZ3JhNjM3MDkvMi9ncmE2MzcwOV9tc18yMzYxMDY3N180LmpwZyN2PTFfMzgyNzAyOTA4Mw==/3x2_l:fill_and_crop/mieszkanie-na-sprzedaz-gdansk-stogi-61-m.jpg
gratka-23610677,4,https://thumbs.cdngr.pl/thumb/aHR0cDovL21lZGlhLmRvbXkucGwvaW1nL3pkamVjaWEvZ3JhNjM3MDkvOS9ncmE2MzcwOV9tc18yMzYxMDY3N181LmpwZyN2PTFfMzgyNzAyOTA4NA==/3x2_l:fill_and_crop/mieszkanie-na-sprzedaz-gdansk-stogi-61-m.jpg
gratka-23610677,5,https://thumbs.cdngr.pl/thumb/aHR0cDovL21lZGlhLmRvbXkucGwvaW1nL3pkamVjaWEvZ3JhNjM3MDkvMy9ncmE2MzcwOV9tc18yMzYxMDY3N182LmpwZyN2PTFfMzgyNzAyOTA4Ng==/3x2_l:fill_and_crop/mieszkanie-na-sprzedaz-gdansk-stogi-61-m.jpg
gratka-23610677,6,https://thumbs.cdngr.pl/thumb/aHR0cDovL21lZGlhLmRvbXkucGwvaW1nL3pkamVjaWEvZ3JhNjM3MDkvZS9ncmE2MzcwOV9tc18yMzYxMDY3N183LmpwZyN2PTFfMzgyNzAyOTEyMA==/3x2_l:fill_and_crop/mieszkanie-na-sprzedaz-gdansk-stogi-61-m.jpg
gratka-23610677,7,https://thumbs.cdngr.pl/thumb/aHR0cDovL21lZGlhLmRvbXkucGwvaW1nL3pkamVjaWEvZ3JhNjM3MDkvYi9ncmE2MzcwOV9tc18yMzYxMDY3N184LmpwZyN2PTFfMzgyNzAyOTEyMQ==/3x2_l:fill_and_crop/mieszkanie-na-sprzedaz-gdansk-stogi-61-m.jpg
gratka-23610677,8,https://thumbs.cdngr.pl/thumb/aHR0cDovL21lZGlhLmRvbXkucGwvaW1nL3pkamVjaWEvZ3JhNjM3MDkvMC9ncmE2MzcwOV9tc18yMzYxMDY3N185LmpwZyN2PTFfMzgyNzAyOTEyMg==/3x2_l:fill_and_crop/mieszkanie-na-sprzedaz-gdansk-stogi-61-m.jpg
gratka-23610677,9,https://thumbs.cdngr.pl/thumb/aHR0cDovL21lZGlhLmRvbXkucGwvaW1nL3pkamVjaWEvZ3JhNjM3MDkvMC9ncmE2MzcwOV9tc18yMzYxMDY3N18xMC5qcGcjdj0xXzM4MjcwMjkxMjM=/3x2_l:fill_and_crop/mieszkanie-na-sprzedaz-gdansk-stogi-61-m.jpg
gratka-997774,0,https://thumbs.cdngr.pl/thumb/aHR0cDovL21lZGlhLmRvbXkucGwvaW1nL3pkamVjaWEvZ21nNDYxODkxLzcvZ21nNDYxODkxX21zXzk5Nzc3NF8xMi5wbmcjdj0xXzM4NTIyMDU4MDE=/3x2_l:fill_and_crop/mieszkanie-na-sprzedaz-gdansk-wrzeszcz-66-m.jpg
gratka-997774,1,https://thumbs.cdngr.pl/thumb/aHR0cDovL21lZGlhLmRvbXkucGwvaW1nL3pkamVjaWEvZ21nNDYxODkxLzIvZ21nNDYxODkxX21zXzk5Nzc3NF8xMy5wbmcjdj0xXzM4NTIyMDU4MDI=/3x2_l:fill_and_crop/mieszkanie-na-sprzedaz-gdansk-wrzeszcz-66-m.jpg
gratka-997774,2,https://thumbs.cdngr.pl/thumb/aHR0cDovL21lZGlhLmRvbXkucGwvaW1nL3pkamVjaWEvZ21nNDYxODkxLzQvZ21nNDYxODkxX21zXzk5Nzc3NF8zLmpwZyN2PTFfMzg1MjIwNTcwMw==/3x2_l:fill_and_crop/mieszkanie-na-sprzedaz-gdansk-wrzeszcz-66-m.jpg
gratka-997774,3,https://thumbs.cdngr.pl/thumb/aHR0cDovL21lZGlhLmRvbXkucGwvaW1nL3pkamVjaWEvZ21nNDYxODkxLzkvZ21nNDYxODkxX21zXzk5Nzc3NF8xLmpwZyN2PTFfMzg1MjIwNTcwMQ==/3x2_l:fill_and_crop/mieszkanie-na-sprzedaz-gdansk-wrzeszcz-66-m.jpg
gratka-997774,4,https://thumbs.cdngr.pl/thumb/aHR0cDovL21lZGlhLmRvbXkucGwvaW1nL3pkamVjaWEvZ21nNDYxODkxL2MvZ21nNDYxODkxX21zXzk5Nzc3NF8yLmpwZyN2PTFfMzg1MjIwNTcwMg==/3x2_l:fill_and_crop/mieszkanie-na-sprzedaz-gdansk-wrzeszcz-66-m.jpg
gratka-997774,5,https://thumbs.cdngr.pl/thumb/aHR0cDovL21lZGlhLmRvbXkucGwvaW1nL3pkamVjaWEvZ21nNDYxODkxLzgvZ21nNDYxODkxX21zXzk5Nzc3NF80LnBuZyN2PTFfMzg1MjIwNTcwNA==/3x2_l:fill_and_crop/mieszkanie-na-sprzedaz-gdansk-wrzeszcz-66-m.jpg
gratka-997774,6,https://thumbs.cdngr.pl/thumb/aHR0cDovL21lZGlhLmRvbXkucGwvaW1nL3pkamVjaWEvZ21nNDYxODkxLzkvZ21nNDYxODkxX21zXzk5Nzc3NF81LmpwZyN2PTFfMzg1MjIwNTcwNQ==/3x2_l:fill_and_crop/mieszkanie-na-sprzedaz-gdansk-wrzeszcz-66-m.jpg
gratka-997774,7,https://thumbs.cdngr.pl/thumb/aHR0cDovL21lZGlhLmRvbXkucGwvaW1nL3pkamVjaWEvZ21nNDYxODkxL2MvZ21nNDYxODkxX21zXzk5Nzc3NF82LmpwZyN2PTFfMzg1MjIwNTcwNw==/3x2_l:fill_and_crop/mieszkanie-na-sprzedaz-gdansk-wrzeszcz-66-m.jpg
gratka-997774,8,https://thumbs.cdngr.pl/thumb/aHR0cDovL21lZGlhLmRvbXkucGwvaW1nL3pkamVjaWEvZ21nNDYxODkxLzIvZ21nNDYxODkxX21zXzk5Nzc3NF83LmpwZyN2PTFfMzg1MjIwNTcwOA==/3x2_l:fill_and_crop/mieszkanie-na-sprzedaz-gdansk-wrzeszcz-66-m.jpg
gratka-997774,9,https://thumbs.cdngr.pl/thumb/aHR0cDovL21lZGlhLmRvbXkucGwvaW1nL3pkamVjaWEvZ21nNDYxODkxL2MvZ21nNDYxODkxX21zXzk5Nzc3NF84LmpwZyN2PTFfMzg1MjIwNTcwOQ==/3x2_l:fill_and_crop/mieszkanie-na-sprzedaz-gdansk-wrzeszcz-66-m.jpg
gratka-997774,10,https://thumbs.cdngr.pl/thumb/aHR0cDovL21lZGlhLmRvbXkucGwvaW1nL3pkamVjaWEvZ21nNDYxODkxLzcvZ21nNDYxODkxX21zXzk5Nzc3NF85LnBuZyN2PTFfMzg1MjIwNTcxMA==/3x2_l:fill_and_crop/mieszkanie-na-sprzedaz-gdansk-wrzeszcz-66-m.jpg
gratka-997774,11,https://thumbs.cdngr.pl/thumb/aHR0cDovL21lZGlhLmRvbXkucGwvaW1nL3pkamVjaWEvZ21nNDYxODkxL2EvZ21nNDYxODkxX21zXzk5Nzc3NF8xMC5wbmcjdj0xXzM4NTIyMDU3MTE=/3x2_l:fill_and_crop/mieszkanie-na-sprzedaz-gdansk-wrzeszcz-66-m.jpg
gratka-997774,12,https://thumbs.cdngr.pl/thumb/aHR0cDovL21lZGlhLmRvbXkucGwvaW1nL3pkamVjaWEvZ21nNDYxODkxLzkvZ21nNDYxODkxX21zXzk5Nzc3NF8xMS5wbmcjdj0xXzM4NTIyMDU3MTI=/3x2_l:fill_and_crop/mieszkanie-na-sprzedaz-gdansk-wrzeszcz-66-m.jpg
gratka-23610678,0,https://thumbs.cdngr.pl/thumb/aHR0cDovL21lZGlhLmRvbXkucGwvaW1nL3pkamVjaWEvZ3JhNjM3MDkvMS9ncmE2MzcwOV9tc18yMzYxMDY3OF8xMC5qcGcjdj0xXzM4NTc3NzU5OTI=/3x2_l:fill_and_crop/mieszkanie-na-sprzedaz-gdansk-stogi-44-m.jpg
gratka-23610678,1,https://thumbs.cdngr.pl/thumb/aHR0cDovL21lZGlhLmRvbXkucGwvaW1nL3pkamVjaWEvZ3JhNjM3MDkvNC9ncmE2MzcwOV9tc18yMzYxMDY3OF81LmpwZyN2PTFfMzg0MTgwNjkwNA==/3x2_l:fill_and_crop/mieszkanie-na-sprzedaz-gdansk-stogi-44-m.jpg
gratka-23610678,2,https://thumbs.cdngr.pl/thumb/aHR0cDovL21lZGlhLmRvbXkucGwvaW1nL3pkamVjaWEvZ3JhNjM3MDkvZC9ncmE2MzcwOV9tc18yMzYxMDY3OF8yLmpwZyN2PTFfMzg0MTgwNjkwMQ==/3x2_l:fill_and_crop/mieszkanie-na-sprzedaz-gdansk-stogi-44-m.jpg
gratka-23610678,3,https://thumbs.cdngr.pl/thumb/aHR0cDovL21lZGlhLmRvbXkucGwvaW1nL3pkamVjaWEvZ3JhNjM3MDkvYi9ncmE2MzcwOV9tc18yMzYxMDY3OF8zLmpwZyN2PTFfMzg0MTgwNjkwMg==/3x2_l:fill_and_crop/mieszkanie-na-sprzedaz-gdansk-stogi-44-m.jpg
gratka-23610678,4,https://thumbs.cdngr.pl/thumb/aHR0cDovL21lZGlhLmRvbXkucGwvaW1nL3pkamVjaWEvZ3JhNjM3MDkvOS9ncmE2MzcwOV9tc18yMzYxMDY3OF80LmpwZyN2PTFfMzg0MTgwNjkwMw==/3x2_l:fill_and_crop/mieszkanie-na-sprzedaz-gdansk-stogi-44-m.jpg
gratka-23610678,5,https://thumbs.cdngr.pl/thumb/aHR0cDovL21lZGlhLmRvbXkucGwvaW1nL3pkamVjaWEvZ3JhNjM3MDkvMC9ncmE2MzcwOV9tc18yMzYxMDY3OF82LmpwZyN2PTFfMzg0MTgwNjkwNQ==/3x2_l:fill_and_crop/mieszkanie-na-sprzedaz-gdansk-stogi-44-m.jpg
gratka-23610678,6,https://thumbs.cdngr.pl/thumb/aHR0cDovL21lZGlhLmRvbXkucGwvaW1nL3pkamVjaWEvZ3JhNjM3MDkvYy9ncmE2MzcwOV9tc18yMzYxMDY3OF8xLmpwZyN2PTFfMzg0MTgwNjkwMA==/3x2_l:fill_and_crop/mieszkanie-na-sprzedaz-gdansk-stogi-44-m.jpg
gratka-23610678,7,https://thumbs.cdngr.pl/thumb/aHR0cDovL21lZGlhLmRvbXkucGwvaW1nL3pkamVjaWEvZ3JhNjM3MDkvNy9ncmE2MzcwOV9tc18yMzYxMDY3OF83LmpwZyN2PTFfMzg0MTgwNjkwNg==/3x2_l:fill_and_crop/mieszkanie-na-sprzedaz-gdansk-stogi-44-m.jpg
gratka-23610678,8,https://thumbs.cdngr.pl/thumb/aHR0cDovL21lZGlhLmRvbXkucGwvaW1nL3pkamVjaWEvZ3JhNjM3MDkvNi9ncmE2MzcwOV9tc18yMzYxMDY3OF84LmpwZyN2PTFfMzg0MTgwNjkwNw==/3x2_l:fill_and_crop/mieszkanie-na-sprzedaz-gdansk-stogi-44-m.jpg
gratka-23610678,9,https://thumbs.cdngr.pl/thumb/aHR0cDovL21lZGlhLmRvbXkucGwvaW1nL3pkamVjaWEvZ3JhNjM3MDkvNi9ncmE2MzcwOV9tc18yMzYxMDY3OF85LmpwZyN2PTFfMzg1Nzc3NTk5MA==/3x2_l:fill_and_crop/mieszkanie-na-sprzedaz-gdansk-stogi-44-m.jpg
gratka-EC111111949540,0,https://thumbs.cdngr.pl/thumb/aHR0cDovL21lZGlhLmRvbXkucGwvaW1nL3pkamVjaWEvbzEzMjc5MS9kL28xMzI3OTFfbXNfRUMxMTExMTE5NDk1NDBfMS5qcGcjdj0xXzM4NDM4OTQ1Mzk=/3x2_l:fill_and_crop/mieszkanie-na-sprzedaz-gdansk-jasien-68-m.jpg
gratka-EC111111949540,1,https://thumbs.cdngr.pl/thumb/aHR0cDovL21lZGlhLmRvbXkucGwvaW1nL3pkamVjaWEvbzEzMjc5MS85L28xMzI3OTFfbXNfRUMxMTExMTE5NDk1NDBfMi5qcGcjdj0xXzM4NDM4OTQ1NDA=/3x2_l:fill_and_crop/mieszkanie-na-sprzedaz-gdansk-jasien-68-m.jpg
gratka-EC111111949540,2,https://thumbs.cdngr.pl/thumb/aHR0cDovL21lZGlhLmRvbXkucGwvaW1nL3pkamVjaWEvbzEzMjc5MS9jL28xMzI3OTFfbXNfRUMxMTExMTE5NDk1NDBfMy5qcGcjdj0xXzM4NDM4OTQ1NDE=/3x2_l:fill_and_crop/mieszkanie-na-sprzedaz-gdansk-jasien-68-m.jpg
gratka-EC111111949540,3,https://thumbs.cdngr.pl/thumb/aHR0cDovL21lZGlhLmRvbXkucGwvaW1nL3pkamVjaWEvbzEzMjc5MS83L28xMzI3OTFfbXNfRUMxMTExMTE5NDk1NDBfNC5qcGcjdj0xXzM4NDM4OTQ1NDI=/3x2_l:fill_and_crop/mieszkanie-na-sprzedaz-gdansk-jasien-68-m.jpg
gratka-EC111111949540,4,https://thumbs.cdngr.pl/thumb/aHR0cDovL21lZGlhLmRvbXkucGwvaW1nL3pkamVjaWEvbzEzMjc5MS8zL28xMzI3OTFfbXNfRUMxMTExMTE5NDk1NDBfNS5qcGcjdj0xXzM4NDM4OTQ1NDM=/3x2_l:fill_and_crop/mieszkanie-na-sprzedaz-gdansk-jasien-68-m.jpg
gratka-EC111111949540,5,https://thumbs.cdngr.pl/thumb/aHR0cDovL21lZGlhLmRvbXkucGwvaW1nL3pkamVjaWEvbzEzMjc5MS8wL28xMzI3OTFfbXNfRUMxMTExMTE5NDk1NDBfNi5qcGcjdj0xXzM4NDM4OTQ1NDQ=/3x2_l:fill_and_crop/mieszkanie-na-sprzedaz-gdansk-jasien-68-m.jpg
gratka-EC111111949540,6,https://thumbs.cdngr.pl/thumb/aHR0cDovL21lZGlhLmRvbXkucGwvaW1nL3pkamVjaWEvbzEzMjc5MS9kL28xMzI3OTFfbXNfRUMxMTExMTE5NDk1NDBfNy5qcGcjdj0xXzM4NDM4OTQ1NDU=/3x2_l:fill_and_crop/mieszkanie-na-sprzedaz-gdansk-jasien-68-m.jpg
gratka-EC111111949540,7,https://thumbs.cdngr.pl/thumb/aHR0cDovL21lZGlhLmRvbXkucGwvaW1nL3pkamVjaWEvbzEzMjc5MS83L28xMzI3OTFfbXNfRUMxMTExMTE5NDk1NDBfOC5qcGcjdj0xXzM4NDM4OTQ1NDY=/3x2_l:fill_and_crop/mieszkanie-na-sprzedaz-gdansk-jasien-68-m.jpg
gratka-EC111111949540,8,https://thumbs.cdngr.pl/thumb/aHR0cDovL21lZGlhLmRvbXkucGwvaW1nL3pkamVjaWEvbzEzMjc5MS8yL28xMzI3OTFfbXNfRUMxMTExMTE5NDk1NDBfOS5qcGcjdj0xXzM4NDM4OTQ1NDc=/3x2_l:fill_and_crop/mieszkanie-na-sprzedaz-gdansk-jasien-68-m.jpg
gratka-EC111111949540,9,https://thumbs.cdngr.pl/thumb/aHR0cDovL21lZGlhLmRvbXkucGwvaW1nL3pkamVjaWEvbzEzMjc5MS9mL28xMzI3OTFfbXNfRUMxMTExMTE5NDk1NDBfMTAuanBnI3Y9MV8zODQzODk0NTQ4/3x2_l:fill_and_crop/mieszkanie-na-sprzedaz-gdansk-jasien-68-m.jpg
gratka-EC111111949540,10,https://thumbs.cdngr.pl/thumb/aHR0cDovL21lZGlhLmRvbXkucGwvaW1nL3pkamVjaWEvbzEzMjc5MS9mL28xMzI3OTFfbXNfRUMxMTExMTE5NDk1NDBfMTEuanBnI3Y9MV8zODQzODk0NTQ5/3x2_l:fill_and_crop/mieszkanie-na-sprzedaz-gdansk-jasien-68-m.jpg
gratka-EC111111949540,11,https://thumbs.cdngr.pl/thumb/aHR0cDovL21lZGlhLmRvbXkucGwvaW1nL3pkamVjaWEvbzEzMjc5MS9lL28xMzI3OTFfbXNfRUMxMTExMTE5NDk1NDBfMTIuanBnI3Y9MV8zODQzODk0NTUw/3x2_l:fill_and_crop/mieszkanie-na-sprzedaz-gdansk-jasien-68-m.jpg
gratka-EC111111949540,12,https://thumbs.cdngr.pl/thumb/aHR0cDovL21lZGlhLmRvbXkucGwvaW1nL3pkamVjaWEvbzEzMjc5MS9mL28xMzI3OTFfbXNfRUMxMTExMTE5NDk1NDBfMTMuanBnI3Y9MV8zODQzODk0NTUx/3x2_l:fill_and_crop/mieszkanie-na-sprzedaz-gdansk-jasien-68-m.jpg
gratka-EC111111949540,13,https://thumbs.cdngr.pl/thumb/aHR0cDovL21lZGlhLmRvbXkucGwvaW1nL3pkamVjaWEvbzEzMjc5MS9mL28xMzI3OTFfbXNfRUMxMTExMTE5NDk1NDBfMTQuanBnI3Y9MV8zODQzODk0NTUy/3x2_l:fill_and_crop/mieszkanie-na-sprzedaz-gdansk-jasien-68-m.jpg
gratka-EC111111949540,14,https://thumbs.cdngr.pl/thumb/aHR0cDovL21lZGlhLmRvbXkucGwvaW1nL3pkamVjaWEvbzEzMjc5MS9mL28xMzI3OTFfbXNfRUMxMTExMTE5NDk1NDBfMTUuanBnI3Y9MV8zODQzODk0NTUz/3x2_l:fill_and_crop/mieszkanie-na-sprzedaz-gdansk-jasien-68-m.jpg
gratka-EC111111949540,15,https://thumbs.cdngr.pl/thumb/aHR0cDovL21lZGlhLmRvbXkucGwvaW1nL3pkamVjaWEvbzEzMjc5MS81L28xMzI3OTFfbXNfRUMxMTExMTE5NDk1NDBfMTYuanBnI3Y9MV8zODQzODk0NTU0/3x2_l:fill_and_crop/mieszkanie-na-sprzedaz-gdansk-jasien-68-m.jpg
gratka-EC111111949540,16,https://thumbs.cdngr.pl/thumb/aHR0cDovL21lZGlhLmRvbXkucGwvaW1nL3pkamVjaWEvbzEzMjc5MS9mL28xMzI3OTFfbXNfRUMxMTExMTE5NDk1NDBfMTcuanBnI3Y9MV8zODQzODk0NTU1/3x2_l:fill_and_crop/mieszkanie-na-sprzedaz-gdansk-jasien-68-m.jpg
gratka-EC111111949540,17,https://thumbs.cdngr.pl/thumb/aHR0cDovL21lZGlhLmRvbXkucGwvaW1nL3pkamVjaWEvbzEzMjc5MS80L28xMzI3OTFfbXNfRUMxMTExMTE5NDk1NDBfMTguanBnI3Y9MV8zODQzODk0NTU2/3x2_l:fill_and_crop/mieszkanie-na-sprzedaz-gdansk-jasien-68-m.jpg
gratka-23610653,0,https://thumbs.cdngr.pl/thumb/aHR0cDovL21lZGlhLmRvbXkucGwvaW1nL3pkamVjaWEvZ3JhNjM3MDkvZC9ncmE2MzcwOV9tc18yMzYxMDY1M18xMS5qcGcjdj0xXzM3NDE2NzMzMTA=/3x2_l:fill_and_crop/mieszkanie-na-sprzedaz-gdansk-stogi-32-m.jpg
gratka-23610653,1,https://thumbs.cdngr.pl/thumb/aHR0cDovL21lZGlhLmRvbXkucGwvaW1nL3pkamVjaWEvZ3JhNjM3MDkvNC9ncmE2MzcwOV9tc18yMzYxMDY1M18xMi5qcGcjdj0xXzM3NDE2NzMzMTI=/3x2_l:fill_and_crop/mieszkanie-na-sprzedaz-gdansk-stogi-32-m.jpg
gratka-23610653,2,https://thumbs.cdngr.pl/thumb/aHR0cDovL21lZGlhLmRvbXkucGwvaW1nL3pkamVjaWEvZ3JhNjM3MDkvZC9ncmE2MzcwOV9tc18yMzYxMDY1M185LmpwZyN2PTFfMzc0MTY3MzMwMw==/3x2_l:fill_and_crop/mieszkanie-na-sprzedaz-gdansk-stogi-32-m.jpg
gratka-23610653,3,https://thumbs.cdngr.pl/thumb/aHR0cDovL21lZGlhLmRvbXkucGwvaW1nL3pkamVjaWEvZ3JhNjM3MDkvNC9ncmE2MzcwOV9tc18yMzYxMDY1M182LmpwZyN2PTFfMzY4ODk3NDg0OQ==/3x2_l:fill_and_crop/mieszkanie-na-sprzedaz-gdansk-stogi-32-m.jpg
gratka-23610653,4,https://thumbs.cdngr.pl/thumb/aHR0cDovL21lZGlhLmRvbXkucGwvaW1nL3pkamVjaWEvZ3JhNjM3MDkvYi9ncmE2MzcwOV9tc18yMzYxMDY1M18xMC5qcGcjdj0xXzM3NDE2NzMzMDQ=/3x2_l:fill_and_crop/mieszkanie-na-sprzedaz-gdansk-stogi-32-m.jpg
gratka-23610653,5,https://thumbs.cdngr.pl/thumb/aHR0cDovL21lZGlhLmRvbXkucGwvaW1nL3pkamVjaWEvZ3JhNjM3MDkvYi9ncmE2MzcwOV9tc18yMzYxMDY1M183LmpwZyN2PTFfMzY4ODk3NDg3NA==/3x2_l:fill_and_crop/mieszkanie-na-sprzedaz-gdansk-stogi-32-m.jpg
gratka-23610653,6,https://thumbs.cdngr.pl/thumb/aHR0cDovL21lZGlhLmRvbXkucGwvaW1nL3pkamVjaWEvZ3JhNjM3MDkvNy9ncmE2MzcwOV9tc18yMzYxMDY1M184LmpwZyN2PTFfMzY4ODk3NTAzOQ==/3x2_l:fill_and_crop/mieszkanie-na-sprzedaz-gdansk-stogi-32-m.jpg
gratka-23610653,7,https://thumbs.cdngr.pl/thumb/aHR0cDovL21lZGlhLmRvbXkucGwvaW1nL3pkamVjaWEvZ3JhNjM3MDkvYS9ncmE2MzcwOV9tc18yMzYxMDY1M180LmpwZyN2PTFfMzAwMDA5MzQ0MQ==/3x2_l:fill_and_crop/mieszkanie-na-sprzedaz-gdansk-stogi-32-m.jpg
gratka-23610653,8,https://thumbs.cdngr.pl/thumb/aHR0cDovL21lZGlhLmRvbXkucGwvaW1nL3pkamVjaWEvZ3JhNjM3MDkvZi9ncmE2MzcwOV9tc18yMzYxMDY1M18yLmpwZyN2PTFfMzAwMDA5MzQzOQ==/3x2_l:fill_and_crop/mieszkanie-na-sprzedaz-gdansk-stogi-32-m.jpg
gratka-23610653,9,https://thumbs.cdngr.pl/thumb/aHR0cDovL21lZGlhLmRvbXkucGwvaW1nL3pkamVjaWEvZ3JhNjM3MDkvNy9ncmE2MzcwOV9tc18yMzYxMDY1M18zLmpwZyN2PTFfMzAwMDA5MzQ0MA==/3x2_l:fill_and_crop/mieszkanie-na-sprzedaz-gdansk-stogi-32-m.jpg
gratka-23610653,10,https://thumbs.cdngr.pl/thumb/aHR0cDovL21lZGlhLmRvbXkucGwvaW1nL3pkamVjaWEvZ3JhNjM3MDkvNS9ncmE2MzcwOV9tc18yMzYxMDY1M18xLmpwZyN2PTFfMzAwMDA5MzQyOA==/3x2_l:fill_and_crop/mieszkanie-na-sprzedaz-gdansk-stogi-32-m.jpg
gratka-I_5M04,0,https://thumbs.cdngr.pl/thumb/aHR0cDovL21lZGlhLmRvbXkucGwvaW1nL2Rld2Vsb3Blcnp5LzExODMzX3dpenVhbGl6YWNqYTEuanBnI3Y9MTc2MjMzNTc5OQ==/3x2_l:fill_and_crop/mieszkanie-w-inwestycji-porto-ijk-gdansk-96-m.jpg
gratka-I_5M04,1,https://thumbs.cdngr.pl/thumb/aHR0cDovL21lZGlhLmRvbXkucGwvaW1nL2Rld2Vsb3Blcnp5LzExODMzX3dpenVhbGl6YWNqYTIuanBnI3Y9MTc2MjMzNTc5OQ==/3x2_l:fill_and_crop/mieszkanie-w-inwestycji-porto-ijk-gdansk-96-m.jpg
gratka-I_5M04,2,https://thumbs.cdngr.pl/thumb/aHR0cDovL21lZGlhLmRvbXkucGwvaW1nL2Rld2Vsb3Blcnp5LzExODMzX3dpenVhbGl6YWNqYTMuanBnI3Y9MTc2MjMzNTc5OQ==/3x2_l:fill_and_crop/mieszkanie-w-inwestycji-porto-ijk-gdansk-96-m.jpg
gratka-TC173720,0,https://thumbs.cdngr.pl/thumb/aHR0cDovL21lZGlhLmRvbXkucGwvaW1nL3pkamVjaWEvdGVrdG9uY2FwaS81L3Rla3RvbmNhcGlfbXNfVEMxNzM3MjBfMS5qcGcjdj0xXzM4NTY0MzY2NTM=/3x2_l:fill_and_crop/mieszkanie-na-sprzedaz-gdansk-srodmiescie-43-m.jpg
gratka-TC173720,1,https://thumbs.cdngr.pl/thumb/aHR0cDovL21lZGlhLmRvbXkucGwvaW1nL3pkamVjaWEvdGVrdG9uY2FwaS9kL3Rla3RvbmNhcGlfbXNfVEMxNzM3MjBfMi5qcGcjdj0xXzM4NTY0MzY2NTc=/3x2_l:fill_and_crop/mieszkanie-na-sprzedaz-gdansk-srodmiescie-43-m.jpg
gratka-TC173720,2,https://thumbs.cdngr.pl/thumb/aHR0cDovL21lZGlhLmRvbXkucGwvaW1nL3pkamVjaWEvdGVrdG9uY2FwaS8zL3Rla3RvbmNhcGlfbXNfVEMxNzM3MjBfMy5qcGcjdj0xXzM4NTY0MzY2NTg=/3x2_l:fill_and_crop/mieszkanie-na-sprzedaz-gdansk-srodmiescie-43-m.jpg
gratka-TC173720,3,https://thumbs.cdngr.pl/thumb/aHR0cDovL21lZGlhLmRvbXkucGwvaW1nL3pkamVjaWEvdGVrdG9uY2FwaS9lL3Rla3RvbmNhcGlfbXNfVEMxNzM3MjBfNC5qcGcjdj0xXzM4NTY0MzY2NTk=/3x2_l:fill_and_crop/mieszkanie-na-sprzedaz-gdansk-srodmiescie-43-m.jpg
gratka-TC173720,4,https://thumbs.cdngr.pl/thumb/aHR0cDovL21lZGlhLmRvbXkucGwvaW1nL3pkamVjaWEvdGVrdG9uY2FwaS8xL3Rla3RvbmNhcGlfbXNfVEMxNzM3MjBfNS5qcGcjdj0xXzM4NTY0MzY2NjA=/3x2_l:fill_and_crop/mieszkanie-na-sprzedaz-gdansk-srodmiescie-43-m.jpg
gratka-TC173720,5,https://thumbs.cdngr.pl/thumb/aHR0cDovL21lZGlhLmRvbXkucGwvaW1nL3pkamVjaWEvdGVrdG9uY2FwaS80L3Rla3RvbmNhcGlfbXNfVEMxNzM3MjBfNi5qcGcjdj0xXzM4NTY0MzY2NjE=/3x2_l:fill_and_crop/mieszkanie-na-sprzedaz-gdansk-srodmiescie-43-m.jpg
gratka-TC173720,6,https://thumbs.cdngr.pl/thumb/aHR0cDovL21lZGlhLmRvbXkucGwvaW1nL3pkamVjaWEvdGVrdG9uY2FwaS84L3Rla3RvbmNhcGlfbXNfVEMxNzM3MjBfNy5qcGcjdj0xXzM4NTY0MzY2NjI=/3x2_l:fill_and_crop/mieszkanie-na-sprzedaz-gdansk-srodmiescie-43-m.jpg
gratka-TC173720,7,https://thumbs.cdngr.pl/thumb/aHR0cDovL21lZGlhLmRvbXkucGwvaW1nL3pkamVjaWEvdGVrdG9uY2FwaS83L3Rla3RvbmNhcGlfbXNfVEMxNzM3MjBfOC5qcGcjdj0xXzM4NTY0MzY2NjM=/3x2_l:fill_and_crop/mieszkanie-na-sprzedaz-gdansk-srodmiescie-43-m.jpg
gratka-TC173720,8,https://thumbs.cdngr.pl/thumb/aHR0cDovL21lZGlhLmRvbXkucGwvaW1nL3pkamVjaWEvdGVrdG9uY2FwaS9iL3Rla3RvbmNhcGlfbXNfVEMxNzM3MjBfOS5qcGcjdj0xXzM4NTY0MzY2NjQ=/3x2_l:fill_and_crop/mieszkanie-na-sprzedaz-gdansk-srodmiescie-43-m.jpg
gratka-TC173720,9,https://thumbs.cdngr.pl/thumb/aHR0cDovL21lZGlhLmRvbXkucGwvaW1nL3pkamVjaWEvdGVrdG9uY2FwaS82L3Rla3RvbmNhcGlfbXNfVEMxNzM3MjBfMTAuanBnI3Y9MV8zODU2NDM2NjY1/3x2_l:fill_and_crop/mieszkanie-na-sprzedaz-gdansk-srodmiescie-43-m.jpg
gratka-TC173720,10,https://thumbs.cdngr.pl/thumb/aHR0cDovL21lZGlhLmRvbXkucGwvaW1nL3pkamVjaWEvdGVrdG9uY2FwaS9lL3Rla3RvbmNhcGlfbXNfVEMxNzM3MjBfMTEuanBnI3Y9MV8zODU2NDM2NjY2/3x2_l:fill_and_crop/mieszkanie-na-sprzedaz-gdansk-srodmiescie-43-m.jpg
gratka-TC173720,11,https://thumbs.cdngr.pl/thumb/aHR0cDovL21lZGlhLmRvbXkucGwvaW1nL3pkamVjaWEvdGVrdG9uY2FwaS8yL3Rla3RvbmNhcGlfbXNfVEMxNzM3MjBfMTIuanBnI3Y9MV8zODU2NDM2NjY3/3x2_l:fill_and_crop/mieszkanie-na-sprzedaz-gdansk-srodmiescie-43-m.jpg
gratka-TC173720,12,https://thumbs.cdngr.pl/thumb/aHR0cDovL21lZGlhLmRvbXkucGwvaW1nL3pkamVjaWEvdGVrdG9uY2FwaS9jL3Rla3RvbmNhcGlfbXNfVEMxNzM3MjBfMTMuanBnI3Y9MV8zODU2NDM2NjY4/3x2_l:fill_and_crop/mieszkanie-na-sprzedaz-gdansk-srodmiescie-43-m.jpg
gratka-DOMI923105,0,https://thumbs.cdngr.pl/thumb/aHR0cDovL21lZGlhLmRvbXkucGwvaW1nL3pkamVjaWEvbzExMjM4OS83L28xMTIzODlfbXNfRE9NSTkyMzEwNV8xLmpwZyN2PTFfMzg1Nzc3NjYwMg==/3x2_l:fill_and_crop/mieszkanie-na-sprzedaz-gdansk-srodmiescie-40-m.jpg
gratka-DOMI923105,1,https://thumbs.cdngr.pl/thumb/aHR0cDovL21lZGlhLmRvbXkucGwvaW1nL3pkamVjaWEvbzExMjM4OS81L28xMTIzODlfbXNfRE9NSTkyMzEwNV8yLmpwZyN2PTFfMzg1Nzc3NjYwNA==/3x2_l:fill_and_crop/mieszkanie-na-sprzedaz-gdansk-srodmiescie-40-m.jpg
gratka-DOMI923105,2,https://thumbs.cdngr.pl/thumb/aHR0cDovL21lZGlhLmRvbXkucGwvaW1nL3pkamVjaWEvbzExMjM4OS84L28xMTIzODlfbXNfRE9NSTkyMzEwNV8zLmpwZyN2PTFfMzg1Nzc3NjYwNQ==/3x2_l:fill_and_crop/mieszkanie-na-sprzedaz-gdansk-srodmiescie-40-m.jpg
gratka-DOMI923105,3,https://thumbs.cdngr.pl/thumb/aHR0cDovL21lZGlhLmRvbXkucGwvaW1nL3pkamVjaWEvbzExMjM4OS9lL28xMTIzODlfbXNfRE9NSTkyMzEwNV80LmpwZyN2PTFfMzg1Nzc3NjYwNw==/3x2_l:fill_and_crop/mieszkanie-na-sprzedaz-gdansk-srodmiescie-40-m.jpg
gratka-DOMI923105,4,https://thumbs.cdngr.pl/thumb/aHR0cDovL21lZGlhLmRvbXkucGwvaW1nL3pkamVjaWEvbzExMjM4OS81L28xMTIzODlfbXNfRE9NSTkyMzEwNV81LmpwZyN2PTFfMzg1Nzc3NjYwOQ==/3x2_l:fill_and_crop/mieszkanie-na-sprzedaz-gdansk-srodmiescie-40-m.jpg
gratka-DOMI923105,5,https://thumbs.cdngr.pl/thumb/aHR0cDovL21lZGlhLmRvbXkucGwvaW1nL3pkamVjaWEvbzExMjM4OS84L28xMTIzODlfbXNfRE9NSTkyMzEwNV82LmpwZyN2PTFfMzg1Nzc3NjYxMA==/3x2_l:fill_and_crop/mieszkanie-na-sprzedaz-gdansk-srodmiescie-40-m.jpg
gratka-DOMI923105,6,https://thumbs.cdngr.pl/thumb/aHR0cDovL21lZGlhLmRvbXkucGwvaW1nL3pkamVjaWEvbzExMjM4OS9lL28xMTIzODlfbXNfRE9NSTkyMzEwNV83LmpwZyN2PTFfMzg1Nzc3NjYxMg==/3x2_l:fill_and_crop/mieszkanie-na-sprzedaz-gdansk-srodmiescie-40-m.jpg
gratka-DOMI923105,7,https://thumbs.cdngr.pl/thumb/aHR0cDovL21lZGlhLmRvbXkucGwvaW1nL3pkamVjaWEvbzExMjM4OS80L28xMTIzODlfbXNfRE9NSTkyMzEwNV84LmpwZyN2PTFfMzg1Nzc3NjYxNA==/3x2_l:fill_and_crop/mieszkanie-na-sprzedaz-gdansk-srodmiescie-40-m.jpg
gratka-DOMI923105,8,https://thumbs.cdngr.pl/thumb/aHR0cDovL21lZGlhLmRvbXkucGwvaW1nL3pkamVjaWEvbzExMjM4OS8xL28xMTIzODlfbXNfRE9NSTkyMzEwNV85LmpwZyN2PTFfMzg1Nzc3NjYxNw==/3x2_l:fill_and_crop/mieszkanie-na-sprzedaz-gdansk-srodmiescie-40-m.jpg
gratka-DOMI923105,9,https://thumbs.cdngr.pl/thumb/aHR0cDovL21lZGlhLmRvbXkucGwvaW1nL3pkamVjaWEvbzExMjM4OS9mL28xMTIzODlfbXNfRE9NSTkyMzEwNV8xMC5qcGcjdj0xXzM4NTc3NzY2MTg=/3x2_l:fill_and_crop/mieszkanie-na-sprzedaz-gdansk-srodmiescie-40-m.jpg
gratka-DOMI923105,10,https://thumbs.cdngr.pl/thumb/aHR0cDovL21lZGlhLmRvbXkucGwvaW1nL3pkamVjaWEvbzExMjM4OS9iL28xMTIzODlfbXNfRE9NSTkyMzEwNV8xMS5qcGcjdj0xXzM4NTc3NzY2MjE=/3x2_l:fill_and_crop/mieszkanie-na-sprzedaz-gdansk-srodmiescie-40-m.jpg
gratka-DOMI923105,11,https://thumbs.cdngr.pl/thumb/aHR0cDovL21lZGlhLmRvbXkucGwvaW1nL3pkamVjaWEvbzExMjM4OS9hL28xMTIzODlfbXNfRE9NSTkyMzEwNV8xMi5qcGcjdj0xXzM4NTc3NzY2MjI=/3x2_l:fill_and_crop/mieszkanie-na-sprzedaz-gdansk-srodmiescie-40-m.jpg
gratka-DOMI923105,12,https://thumbs.cdngr.pl/thumb/aHR0cDovL21lZGlhLmRvbXkucGwvaW1nL3pkamVjaWEvbzExMjM4OS9hL28xMTIzODlfbXNfRE9NSTkyMzEwNV8xMy5qcGcjdj0xXzM4NTc3NzY2MjU=/3x2_l:fill_and_crop/mieszkanie-na-sprzedaz-gdansk-srodmiescie-40-m.jpg
gratka-DOMI923105,13,https://thumbs.cdngr.pl/thumb/aHR0cDovL21lZGlhLmRvbXkucGwvaW1nL3pkamVjaWEvbzExMjM4OS82L28xMTIzODlfbXNfRE9NSTkyMzEwNV8xNC5qcGcjdj0xXzM4NTc3NzY2MjY=/3x2_l:fill_and_crop/mieszkanie-na-sprzedaz-gdansk-srodmiescie-40-m.jpg
gratka-DOMI923105,14,https://thumbs.cdngr.pl/thumb/aHR0cDovL21lZGlhLmRvbXkucGwvaW1nL3pkamVjaWEvbzExMjM4OS9jL28xMTIzODlfbXNfRE9NSTkyMzEwNV8xNS5qcGcjdj0xXzM4NTc3NzY2Mjg=/3x2_l:fill_and_crop/mieszkanie-na-sprzedaz-gdansk-srodmiescie-40-m.jpg
gratka-DOMI923105,15,https://thumbs.cdngr.pl/thumb/aHR0cDovL21lZGlhLmRvbXkucGwvaW1nL3pkamVjaWEvbzExMjM4OS9hL28xMTIzODlfbXNfRE9NSTkyMzEwNV8xNi5qcGcjdj0xXzM4NTc3NzY2Mjk=/3x2_l:fill_and_crop/mieszkanie-na-sprzedaz-gdansk-srodmiescie-40-m.jpg
gratka-DOMI923105,16,https://thumbs.cdngr.pl/thumb/aHR0cDovL21lZGlhLmRvbXkucGwvaW1nL3pkamVjaWEvbzExMjM4OS83L28xMTIzODlfbXNfRE9NSTkyMzEwNV8xNy5qcGcjdj0xXzM4NTc3NzY2MzE=/3x2_l:fill_and_crop/mieszkanie-na-sprzedaz-gdansk-srodmiescie-40-m.jpg
gratka-DOMI923105,17,https://thumbs.cdngr.pl/thumb/aHR0cDovL21lZGlhLmRvbXkucGwvaW1nL3pkamVjaWEvbzExMjM4OS8yL28xMTIzODlfbXNfRE9NSTkyMzEwNV8xOC5qcGcjdj0xXzM4NTc3NzY2MzM=/3x2_l:fill_and_crop/mieszkanie-na-sprzedaz-gdansk-srodmiescie-40-m.jpg
gratka-563637,0,https://thumbs.cdngr.pl/thumb/aHR0cDovL21lZGlhLmRvbXkucGwvaW1nL3pkamVjaWEvbW9vbmlhLzEvbW9vbmlhX21zXzU2MzYzN18xLmpwZyN2PTFfMzg1MjI1MDI1MA==/3x2_l:fill_and_crop/mieszkanie-na-sprzedaz-gdansk-wrzeszcz-79-m.jpg
gratka-563637,1,https://thumbs.cdngr.pl/thumb/aHR0cDovL21lZGlhLmRvbXkucGwvaW1nL3pkamVjaWEvbW9vbmlhLzEvbW9vbmlhX21zXzU2MzYzN18yLmpwZyN2PTFfMzg1MjI1MDI1MQ==/3x2_l:fill_and_crop/mieszkanie-na-sprzedaz-gdansk-wrzeszcz-79-m.jpg
gratka-563637,2,https://thumbs.cdngr.pl/thumb/aHR0cDovL21lZGlhLmRvbXkucGwvaW1nL3pkamVjaWEvbW9vbmlhL2MvbW9vbmlhX21zXzU2MzYzN18zLmpwZyN2PTFfMzg1MjI1MDI1Mg==/3x2_l:fill_and_crop/mieszkanie-na-sprzedaz-gdansk-wrzeszcz-79-m.jpg
gratka-563637,3,https://thumbs.cdngr.pl/thumb/aHR0cDovL21lZGlhLmRvbXkucGwvaW1nL3pkamVjaWEvbW9vbmlhL2MvbW9vbmlhX21zXzU2MzYzN180LmpwZyN2PTFfMzg1MjI1MDI1Mw==/3x2_l:fill_and_crop/mieszkanie-na-sprzedaz-gdansk-wrzeszcz-79-m.jpg
gratka-563637,4,https://thumbs.cdngr.pl/thumb/aHR0cDovL21lZGlhLmRvbXkucGwvaW1nL3pkamVjaWEvbW9vbmlhL2UvbW9vbmlhX21zXzU2MzYzN181LmpwZyN2PTFfMzg1MjI1MDI1NA==/3x2_l:fill_and_crop/mieszkanie-na-sprzedaz-gdansk-wrzeszcz-79-m.jpg
gratka-563637,5,https://thumbs.cdngr.pl/thumb/aHR0cDovL21lZGlhLmRvbXkucGwvaW1nL3pkamVjaWEvbW9vbmlhLzkvbW9vbmlhX21zXzU2MzYzN182LmpwZyN2PTFfMzg1MjI1MDI1NQ==/3x2_l:fill_and_crop/mieszkanie-na-sprzedaz-gdansk-wrzeszcz-79-m.jpg
gratka-563637,6,https://thumbs.cdngr.pl/thumb/aHR0cDovL21lZGlhLmRvbXkucGwvaW1nL3pkamVjaWEvbW9vbmlhLzIvbW9vbmlhX21zXzU2MzYzN183LmpwZyN2PTFfMzg1MjI1MDI1Ng==/3x2_l:fill_and_crop/mieszkanie-na-sprzedaz-gdansk-wrzeszcz-79-m.jpg
gratka-563637,7,https://thumbs.cdngr.pl/thumb/aHR0cDovL21lZGlhLmRvbXkucGwvaW1nL3pkamVjaWEvbW9vbmlhL2EvbW9vbmlhX21zXzU2MzYzN184LmpwZyN2PTFfMzg1MjI1MDI1Nw==/3x2_l:fill_and_crop/mieszkanie-na-sprzedaz-gdansk-wrzeszcz-79-m.jpg
gratka-563637,8,https://thumbs.cdngr.pl/thumb/aHR0cDovL21lZGlhLmRvbXkucGwvaW1nL3pkamVjaWEvbW9vbmlhLzIvbW9vbmlhX21zXzU2MzYzN185LmpwZyN2PTFfMzg1MjI1MDI1OA==/3x2_l:fill_and_crop/mieszkanie-na-sprzedaz-gdansk-wrzeszcz-79-m.jpg
gratka-563637,9,https://thumbs.cdngr.pl/thumb/aHR0cDovL21lZGlhLmRvbXkucGwvaW1nL3pkamVjaWEvbW9vbmlhL2UvbW9vbmlhX21zXzU2MzYzN18xMC5qcGcjdj0xXzM4NTIyNTAyNTk=/3x2_l:fill_and_crop/mieszkanie-na-sprzedaz-gdansk-wrzeszcz-79-m.jpg
gratka-563637,10,https://thumbs.cdngr.pl/thumb/aHR0cDovL21lZGlhLmRvbXkucGwvaW1nL3pkamVjaWEvbW9vbmlhLzYvbW9vbmlhX21zXzU2MzYzN18xMS5qcGcjdj0xXzM4NTIyNTAyNjA=/3x2_l:fill_and_crop/mieszkanie-na-sprzedaz-gdansk-wrzeszcz-79-m.jpg
gratka-563637,11,https://thumbs.cdngr.pl/thumb/aHR0cDovL21lZGlhLmRvbXkucGwvaW1nL3pkamVjaWEvbW9vbmlhLzkvbW9vbmlhX21zXzU2MzYzN18xMi5qcGcjdj0xXzM4NTIyNTAyNjE=/3x2_l:fill_and_crop/mieszkanie-na-sprzedaz-gdansk-wrzeszcz-79-m.jpg
gratka-563637,12,https://thumbs.cdngr.pl/thumb/aHR0cDovL21lZGlhLmRvbXkucGwvaW1nL3pkamVjaWEvbW9vbmlhL2UvbW9vbmlhX21zXzU2MzYzN18xMy5qcGcjdj0xXzM4NTIyNTAyNjI=/3x2_l:fill_and_crop/mieszkanie-na-sprzedaz-gdansk-wrzeszcz-79-m.jpg
gratka-NH699789563,0,https://thumbs.cdngr.pl/thumb/aHR0cDovL21lZGlhLmRvbXkucGwvaW1nL3pkamVjaWEvZ21nNDYxMjQzL2UvZ21nNDYxMjQzX21zX05INjk5Nzg5NTYzXzEuanBnI3Y9MV8zODQ2MzA5Mjc3/3x2_l:fill_and_crop/mieszkanie-na-sprzedaz-gdansk-letnica-90-m.jpg
gratka-NH699789563,1,https://thumbs.cdngr.pl/thumb/aHR0cDovL21lZGlhLmRvbXkucGwvaW1nL3pkamVjaWEvZ21nNDYxMjQzL2EvZ21nNDYxMjQzX21zX05INjk5Nzg5NTYzXzIuanBnI3Y9MV8zODQ2MzA5Mjc4/3x2_l:fill_and_crop/mieszkanie-na-sprzedaz-gdansk-letnica-90-m.jpg
gratka-NH699789563,2,https://thumbs.cdngr.pl/thumb/aHR0cDovL21lZGlhLmRvbXkucGwvaW1nL3pkamVjaWEvZ21nNDYxMjQzLzkvZ21nNDYxMjQzX21zX05INjk5Nzg5NTYzXzMuanBnI3Y9MV8zODQ2MzA5Mjc5/3x2_l:fill_and_crop/mieszkanie-na-sprzedaz-gdansk-letnica-90-m.jpg
gratka-NH699789563,3,https://thumbs.cdngr.pl/thumb/aHR0cDovL21lZGlhLmRvbXkucGwvaW1nL3pkamVjaWEvZ21nNDYxMjQzLzUvZ21nNDYxMjQzX21zX05INjk5Nzg5NTYzXzQuanBnI3Y9MV8zODQ2MzA5Mjgw/3x2_l:fill_and_crop/mieszkanie-na-sprzedaz-gdansk-letnica-90-m.jpg
gratka-NH699789563,4,https://thumbs.cdngr.pl/thumb/aHR0cDovL21lZGlhLmRvbXkucGwvaW1nL3pkamVjaWEvZ21nNDYxMjQzLzEvZ21nNDYxMjQzX21zX05INjk5Nzg5NTYzXzUuanBnI3Y9MV8zODQ2MzA5Mjgx/3x2_l:fill_and_crop/mieszkanie-na-sprzedaz-gdansk-letnica-90-m.jpg
gratka-NH699789563,5,https://thumbs.cdngr.pl/thumb/aHR0cDovL21lZGlhLmRvbXkucGwvaW1nL3pkamVjaWEvZ21nNDYxMjQzL2MvZ21nNDYxMjQzX21zX05INjk5Nzg5NTYzXzYuanBnI3Y9MV8zODQ2MzA5Mjgy/3x2_l:fill_and_crop/mieszkanie-na-sprzedaz-gdansk-letnica-90-m.jpg
gratka-NH699789563,6,https://thumbs.cdngr.pl/thumb/aHR0cDovL21lZGlhLmRvbXkucGwvaW1nL3pkamVjaWEvZ21nNDYxMjQzL2YvZ21nNDYxMjQzX21zX05INjk5Nzg5NTYzXzcuanBnI3Y9MV8zODQ2MzA5Mjgz/3x2_l:fill_and_crop/mieszkanie-na-sprzedaz-gdansk-letnica-90-m.jpg
gratka-NH699789563,7,https://thumbs.cdngr.pl/thumb/aHR0cDovL21lZGlhLmRvbXkucGwvaW1nL3pkamVjaWEvZ21nNDYxMjQzLzYvZ21nNDYxMjQzX21zX05INjk5Nzg5NTYzXzguanBnI3Y9MV8zODQ2MzA5Mjg0/3x2_l:fill_and_crop/mieszkanie-na-sprzedaz-gdansk-letnica-90-m.jpg
gratka-NH699789563,8,https://thumbs.cdngr.pl/thumb/aHR0cDovL21lZGlhLmRvbXkucGwvaW1nL3pkamVjaWEvZ21nNDYxMjQzLzMvZ21nNDYxMjQzX21zX05INjk5Nzg5NTYzXzkuanBnI3Y9MV8zODQ2MzA5Mjg1/3x2_l:fill_and_crop/mieszkanie-na-sprzedaz-gdansk-letnica-90-m.jpg
gratka-NH699789563,9,https://thumbs.cdngr.pl/thumb/aHR0cDovL21lZGlhLmRvbXkucGwvaW1nL3pkamVjaWEvZ21nNDYxMjQzLzAvZ21nNDYxMjQzX21zX05INjk5Nzg5NTYzXzEwLmpwZyN2PTFfMzg0NjMwOTI4Ng==/3x2_l:fill_and_crop/mieszkanie-na-sprzedaz-gdansk-letnica-90-m.jpg
gratka-NH699789563,10,https://thumbs.cdngr.pl/thumb/aHR0cDovL21lZGlhLmRvbXkucGwvaW1nL3pkamVjaWEvZ21nNDYxMjQzLzAvZ21nNDYxMjQzX21zX05INjk5Nzg5NTYzXzExLmpwZyN2PTFfMzg0NjMwOTI4Nw==/3x2_l:fill_and_crop/mieszkanie-na-sprzedaz-gdansk-letnica-90-m.jpg
gratka-TY858509,0,https://thumbs.cdngr.pl/thumb/aHR0cDovL21lZGlhLmRvbXkucGwvaW1nL3pkamVjaWEvdHlzemtpZXcvOS90eXN6a2lld19tc19UWTg1ODUwOV8xLmpwZyN2PTFfMzg1Mzk3MjQxMw==/3x2_l:fill_and_crop/mieszkanie-na-sprzedaz-gdansk-srodmiescie-102-m.jpg
gratka-TY858509,1,https://thumbs.cdngr.pl/thumb/aHR0cDovL21lZGlhLmRvbXkucGwvaW1nL3pkamVjaWEvdHlzemtpZXcvZC90eXN6a2lld19tc19UWTg1ODUwOV8yLmpwZyN2PTFfMzg1Mzk3MjQxNA==/3x2_l:fill_and_crop/mieszkanie-na-sprzedaz-gdansk-srodmiescie-102-m.jpg
gratka-TY858509,2,https://thumbs.cdngr.pl/thumb/aHR0cDovL21lZGlhLmRvbXkucGwvaW1nL3pkamVjaWEvdHlzemtpZXcvNS90eXN6a2lld19tc19UWTg1ODUwOV8zLmpwZyN2PTFfMzg1Mzk3MjQxNQ==/3x2_l:fill_and_crop/mieszkanie-na-sprzedaz-gdansk-srodmiescie-102-m.jpg
gratka-TY858509,3,https://thumbs.cdngr.pl/thumb/aHR0cDovL21lZGlhLmRvbXkucGwvaW1nL3pkamVjaWEvdHlzemtpZXcvOC90eXN6a2lld19tc19UWTg1ODUwOV80LmpwZyN2PTFfMzg1Mzk3MjQxNg==/3x2_l:fill_and_crop/mieszkanie-na-sprzedaz-gdansk-srodmiescie-102-m.jpg
gratka-TY858509,4,https://thumbs.cdngr.pl/thumb/aHR0cDovL21lZGlhLmRvbXkucGwvaW1nL3pkamVjaWEvdHlzemtpZXcvYS90eXN6a2lld19tc19UWTg1ODUwOV81LmpwZyN2PTFfMzg1Mzk3MjQxNw==/3x2_l:fill_and_crop/mieszkanie-na-sprzedaz-gdansk-srodmiescie-102-m.jpg
gratka-TY858509,5,https://thumbs.cdngr.pl/thumb/aHR0cDovL21lZGlhLmRvbXkucGwvaW1nL3pkamVjaWEvdHlzemtpZXcvYS90eXN6a2lld19tc19UWTg1ODUwOV82LmpwZyN2PTFfMzg1Mzk3MjQxOA==/3x2_l:fill_and_crop/mieszkanie-na-sprzedaz-gdansk-srodmiescie-102-m.jpg
gratka-TY858509,6,https://thumbs.cdngr.pl/thumb/aHR0cDovL21lZGlhLmRvbXkucGwvaW1nL3pkamVjaWEvdHlzemtpZXcvMC90eXN6a2lld19tc19UWTg1ODUwOV83LmpwZyN2PTFfMzg1Mzk3MjQxOQ==/3x2_l:fill_and_crop/mieszkanie-na-sprzedaz-gdansk-srodmiescie-102-m.jpg
gratka-TY858509,7,https://thumbs.cdngr.pl/thumb/aHR0cDovL21lZGlhLmRvbXkucGwvaW1nL3pkamVjaWEvdHlzemtpZXcvMy90eXN6a2lld19tc19UWTg1ODUwOV84LmpwZyN2PTFfMzg1Mzk3MjQyMA==/3x2_l:fill_and_crop/mieszkanie-na-sprzedaz-gdansk-srodmiescie-102-m.jpg
gratka-TY858509,8,https://thumbs.cdngr.pl/thumb/aHR0cDovL21lZGlhLmRvbXkucGwvaW1nL3pkamVjaWEvdHlzemtpZXcvMy90eXN6a2lld19tc19UWTg1ODUwOV85LmpwZyN2PTFfMzg1Mzk3MjQyMQ==/3x2_l:fill_and_crop/mieszkanie-na-sprzedaz-gdansk-srodmiescie-102-m.jpg
gratka-TY858509,9,https://thumbs.cdngr.pl/thumb/aHR0cDovL21lZGlhLmRvbXkucGwvaW1nL3pkamVjaWEvdHlzemtpZXcvMy90eXN6a2lld19tc19UWTg1ODUwOV8xMC5qcGcjdj0xXzM4NTM5NzI0MjI=/3x2_l:fill_and_crop/mieszkanie-na-sprzedaz-gdansk-srodmiescie-102-m.jpg
gratka-TY858509,10,https://thumbs.cdngr.pl/thumb/aHR0cDovL21lZGlhLmRvbXkucGwvaW1nL3pkamVjaWEvdHlzemtpZXcvMS90eXN6a2lld19tc19UWTg1ODUwOV8xMS5qcGcjdj0xXzM4NTM5NzI0MjM=/3x2_l:fill_and_crop/mieszkanie-na-sprzedaz-gdansk-srodmiescie-102-m.jpg
gratka-TY858509,11,https://thumbs.cdngr.pl/thumb/aHR0cDovL21lZGlhLmRvbXkucGwvaW1nL3pkamVjaWEvdHlzemtpZXcvYi90eXN6a2lld19tc19UWTg1ODUwOV8xMi5qcGcjdj0xXzM4NTM5NzI0MjQ=/3x2_l:fill_and_crop/mieszkanie-na-sprzedaz-gdansk-srodmiescie-102-m.jpg
gratka-TY858509,12,https://thumbs.cdngr.pl/thumb/aHR0cDovL21lZGlhLmRvbXkucGwvaW1nL3pkamVjaWEvdHlzemtpZXcvZi90eXN6a2lld19tc19UWTg1ODUwOV8xMy5qcGcjdj0xXzM4NTM5NzI0MjU=/3x2_l:fill_and_crop/mieszkanie-na-sprzedaz-gdansk-srodmiescie-102-m.jpg
gratka-TY858509,13,https://thumbs.cdngr.pl/thumb/aHR0cDovL21lZGlhLmRvbXkucGwvaW1nL3pkamVjaWEvdHlzemtpZXcvMy90eXN6a2lld19tc19UWTg1ODUwOV8xNC5qcGcjdj0xXzM4NTM5NzI0MjY=/3x2_l:fill_and_crop/mieszkanie-na-sprzedaz-gdansk-srodmiescie-102-m.jpg
gratka-TY858509,14,https://thumbs.cdngr.pl/thumb/aHR0cDovL21lZGlhLmRvbXkucGwvaW1nL3pkamVjaWEvdHlzemtpZXcvOC90eXN6a2lld19tc19UWTg1ODUwOV8xNS5qcGcjdj0xXzM4NTM5NzI0Mjc=/3x2_l:fill_and_crop/mieszkanie-na-sprzedaz-gdansk-srodmiescie-102-m.jpg
gratka-TY858509,15,https://thumbs.cdngr.pl/thumb/aHR0cDovL21lZGlhLmRvbXkucGwvaW1nL3pkamVjaWEvdHlzemtpZXcvMi90eXN6a2lld19tc19UWTg1ODUwOV8xNi5qcGcjdj0xXzM4NTM5NzI0Mjg=/3x2_l:fill_and_crop/mieszkanie-na-sprzedaz-gdansk-srodmiescie-102-m.jpg
gratka-TY858509,16,https://thumbs.cdngr.pl/thumb/aHR0cDovL21lZGlhLmRvbXkucGwvaW1nL3pkamVjaWEvdHlzemtpZXcvMy90eXN6a2lld19tc19UWTg1ODUwOV8xNy5qcGcjdj0xXzM4NTM5NzI0Mjk=/3x2_l:fill_and_crop/mieszkanie-na-sprzedaz-gdansk-srodmiescie-102-m.jpg
gratka-TY858509,17,https://thumbs.cdngr.pl/thumb/aHR0cDovL21lZGlhLmRvbXkucGwvaW1nL3pkamVjaWEvdHlzemtpZXcvYS90eXN6a2lld19tc19UWTg1ODUwOV8xOC5qcGcjdj0xXzM4NTM5NzI0MzA=/3x2_l:fill_and_crop/mieszkanie-na-sprzedaz-gdansk-srodmiescie-102-m.jpg
gratka-TY858509,18,https://thumbs.cdngr.pl/thumb/aHR0cDovL21lZGlhLmRvbXkucGwvaW1nL3pkamVjaWEvdHlzemtpZXcvYS90eXN6a2lld19tc19UWTg1ODUwOV8xOS5qcGcjdj0xXzM4NTM5NzI0MzE=/3x2_l:fill_and_crop/mieszkanie-na-sprzedaz-gdansk-srodmiescie-102-m.jpg
gratka-TY858509,19,https://thumbs.cdngr.pl/thumb/aHR0cDovL21lZGlhLmRvbXkucGwvaW1nL3pkamVjaWEvdHlzemtpZXcvYy90eXN6a2lld19tc19UWTg1ODUwOV8yMC5qcGcjdj0xXzM4NTM5NzI0MzI=/3x2_l:fill_and_crop/mieszkanie-na-sprzedaz-gdansk-srodmiescie-102-m.jpg
gratka-TY858509,20,https://thumbs.cdngr.pl/thumb/aHR0cDovL21lZGlhLmRvbXkucGwvaW1nL3pkamVjaWEvdHlzemtpZXcvNS90eXN6a2lld19tc19UWTg1ODUwOV8yMS5qcGcjdj0xXzM4NTM5NzI0MzM=/3x2_l:fill_and_crop/mieszkanie-na-sprzedaz-gdansk-srodmiescie-102-m.jpg
gratka-TY858509,21,https://thumbs.cdngr.pl/thumb/aHR0cDovL21lZGlhLmRvbXkucGwvaW1nL3pkamVjaWEvdHlzemtpZXcvOS90eXN6a2lld19tc19UWTg1ODUwOV8yMi5qcGcjdj0xXzM4NTM5NzI0MzQ=/3x2_l:fill_and_crop/mieszkanie-na-sprzedaz-gdansk-srodmiescie-102-m.jpg
gratka-TY858509,22,https://thumbs.cdngr.pl/thumb/aHR0cDovL21lZGlhLmRvbXkucGwvaW1nL3pkamVjaWEvdHlzemtpZXcvMS90eXN6a2lld19tc19UWTg1ODUwOV8yMy5qcGcjdj0xXzM4NTM5NzI0MzU=/3x2_l:fill_and_crop/mieszkanie-na-sprzedaz-gdansk-srodmiescie-102-m.jpg
gratka-TY858509,23,https://thumbs.cdngr.pl/thumb/aHR0cDovL21lZGlhLmRvbXkucGwvaW1nL3pkamVjaWEvdHlzemtpZXcvOC90eXN6a2lld19tc19UWTg1ODUwOV8yNC5qcGcjdj0xXzM4NTM5NzI0MzY=/3x2_l:fill_and_crop/mieszkanie-na-sprzedaz-gdansk-srodmiescie-102-m.jpg
gratka-TY858509,24,https://thumbs.cdngr.pl/thumb/aHR0cDovL21lZGlhLmRvbXkucGwvaW1nL3pkamVjaWEvdHlzemtpZXcvYi90eXN6a2lld19tc19UWTg1ODUwOV8yNS5qcGcjdj0xXzM4NTM5NzI0Mzc=/3x2_l:fill_and_crop/mieszkanie-na-sprzedaz-gdansk-srodmiescie-102-m.jpg
gratka-TY858509,25,https://thumbs.cdngr.pl/thumb/aHR0cDovL21lZGlhLmRvbXkucGwvaW1nL3pkamVjaWEvdHlzemtpZXcvYy90eXN6a2lld19tc19UWTg1ODUwOV8yNi5qcGcjdj0xXzM4NTM5NzI0Mzk=/3x2_l:fill_and_crop/mieszkanie-na-sprzedaz-gdansk-srodmiescie-102-m.jpg
gratka-TY858509,26,https://thumbs.cdngr.pl/thumb/aHR0cDovL21lZGlhLmRvbXkucGwvaW1nL3pkamVjaWEvdHlzemtpZXcvYS90eXN6a2lld19tc19UWTg1ODUwOV8yNy5qcGcjdj0xXzM4NTM5NzI0NDE=/3x2_l:fill_and_crop/mieszkanie-na-sprzedaz-gdansk-srodmiescie-102-m.jpg
gratka-TY858509,27,https://thumbs.cdngr.pl/thumb/aHR0cDovL21lZGlhLmRvbXkucGwvaW1nL3pkamVjaWEvdHlzemtpZXcvZC90eXN6a2lld19tc19UWTg1ODUwOV8yOC5qcGcjdj0xXzM4NTM5NzI0NDI=/3x2_l:fill_and_crop/mieszkanie-na-sprzedaz-gdansk-srodmiescie-102-m.jpg
gratka-TY858509,28,https://thumbs.cdngr.pl/thumb/aHR0cDovL21lZGlhLmRvbXkucGwvaW1nL3pkamVjaWEvdHlzemtpZXcvNS90eXN6a2lld19tc19UWTg1ODUwOV8yOS5qcGcjdj0xXzM4NTM5NzI0NDQ=/3x2_l:fill_and_crop/mieszkanie-na-sprzedaz-gdansk-srodmiescie-102-m.jpg
gratka-TY858509,29,https://thumbs.cdngr.pl/thumb/aHR0cDovL21lZGlhLmRvbXkucGwvaW1nL3pkamVjaWEvdHlzemtpZXcvMy90eXN6a2lld19tc19UWTg1ODUwOV8zMC5qcGcjdj0xXzM4NTM5NzI0NDU=/3x2_l:fill_and_crop/mieszkanie-na-sprzedaz-gdansk-srodmiescie-102-m.jpg
gratka-TY858509,30,https://thumbs.cdngr.pl/thumb/aHR0cDovL21lZGlhLmRvbXkucGwvaW1nL3pkamVjaWEvdHlzemtpZXcvOC90eXN6a2lld19tc19UWTg1ODUwOV8zMS5qcGcjdj0xXzM4NTM5NzI0NDc=/3x2_l:fill_and_crop/mieszkanie-na-sprzedaz-gdansk-srodmiescie-102-m.jpg
gratka-TY334974,0,https://thumbs.cdngr.pl/thumb/aHR0cDovL21lZGlhLmRvbXkucGwvaW1nL3pkamVjaWEvdHlzemtpZXcvNy90eXN6a2lld19tc19UWTMzNDk3NF8xLmpwZyN2PTFfMzg1MzA1OTc1NA==/3x2_l:fill_and_crop/mieszkanie-na-sprzedaz-gdansk-osowa-57-m.jpg
gratka-TY334974,1,https://thumbs.cdngr.pl/thumb/aHR0cDovL21lZGlhLmRvbXkucGwvaW1nL3pkamVjaWEvdHlzemtpZXcvOS90eXN6a2lld19tc19UWTMzNDk3NF8yLmpwZyN2PTFfMzg1MzA1OTc1NQ==/3x2_l:fill_and_crop/mieszkanie-na-sprzedaz-gdansk-osowa-57-m.jpg
gratka-TY334974,2,https://thumbs.cdngr.pl/thumb/aHR0cDovL21lZGlhLmRvbXkucGwvaW1nL3pkamVjaWEvdHlzemtpZXcvZS90eXN6a2lld19tc19UWTMzNDk3NF8zLmpwZyN2PTFfMzg1MzA1OTc1Ng==/3x2_l:fill_and_crop/mieszkanie-na-sprzedaz-gdansk-osowa-57-m.jpg
gratka-TY334974,3,https://thumbs.cdngr.pl/thumb/aHR0cDovL21lZGlhLmRvbXkucGwvaW1nL3pkamVjaWEvdHlzemtpZXcvMi90eXN6a2lld19tc19UWTMzNDk3NF80LmpwZyN2PTFfMzg1MzA1OTc1Nw==/3x2_l:fill_and_crop/mieszkanie-na-sprzedaz-gdansk-osowa-57-m.jpg
gratka-TY334974,4,https://thumbs.cdngr.pl/thumb/aHR0cDovL21lZGlhLmRvbXkucGwvaW1nL3pkamVjaWEvdHlzemtpZXcvNy90eXN6a2lld19tc19UWTMzNDk3NF81LmpwZyN2PTFfMzg1MzA1OTc1OA==/3x2_l:fill_and_crop/mieszkanie-na-sprzedaz-gdansk-osowa-57-m.jpg
gratka-TY334974,5,https://thumbs.cdngr.pl/thumb/aHR0cDovL21lZGlhLmRvbXkucGwvaW1nL3pkamVjaWEvdHlzemtpZXcvZS90eXN6a2lld19tc19UWTMzNDk3NF82LmpwZyN2PTFfMzg1MzA1OTc1OQ==/3x2_l:fill_and_crop/mieszkanie-na-sprzedaz-gdansk-osowa-57-m.jpg
gratka-TY334974,6,https://thumbs.cdngr.pl/thumb/aHR0cDovL21lZGlhLmRvbXkucGwvaW1nL3pkamVjaWEvdHlzemtpZXcvYS90eXN6a2lld19tc19UWTMzNDk3NF83LmpwZyN2PTFfMzg1MzA1OTc2MA==/3x2_l:fill_and_crop/mieszkanie-na-sprzedaz-gdansk-osowa-57-m.jpg
gratka-TY334974,7,https://thumbs.cdngr.pl/thumb/aHR0cDovL21lZGlhLmRvbXkucGwvaW1nL3pkamVjaWEvdHlzemtpZXcvOC90eXN6a2lld19tc19UWTMzNDk3NF84LmpwZyN2PTFfMzg1MzA1OTc2MQ==/3x2_l:fill_and_crop/mieszkanie-na-sprzedaz-gdansk-osowa-57-m.jpg
gratka-TY334974,8,https://thumbs.cdngr.pl/thumb/aHR0cDovL21lZGlhLmRvbXkucGwvaW1nL3pkamVjaWEvdHlzemtpZXcvYS90eXN6a2lld19tc19UWTMzNDk3NF85LmpwZyN2PTFfMzg1MzA1OTc2Mg==/3x2_l:fill_and_crop/mieszkanie-na-sprzedaz-gdansk-osowa-57-m.jpg
gratka-TY334974,9,https://thumbs.cdngr.pl/thumb/aHR0cDovL21lZGlhLmRvbXkucGwvaW1nL3pkamVjaWEvdHlzemtpZXcvNS90eXN6a2lld19tc19UWTMzNDk3NF8xMC5qcGcjdj0xXzM4NTMwNTk3NjM=/3x2_l:fill_and_crop/mieszkanie-na-sprzedaz-gdansk-osowa-57-m.jpg
gratka-TY334974,10,https://thumbs.cdngr.pl/thumb/aHR0cDovL21lZGlhLmRvbXkucGwvaW1nL3pkamVjaWEvdHlzemtpZXcvZC90eXN6a2lld19tc19UWTMzNDk3NF8xMS5qcGcjdj0xXzM4NTMwNTk3NjQ=/3x2_l:fill_and_crop/mieszkanie-na-sprzedaz-gdansk-osowa-57-m.jpg
gratka-TY334974,11,https://thumbs.cdngr.pl/thumb/aHR0cDovL21lZGlhLmRvbXkucGwvaW1nL3pkamVjaWEvdHlzemtpZXcvYS90eXN6a2lld19tc19UWTMzNDk3NF8xMi5qcGcjdj0xXzM4NTMwNTk3NjU=/3x2_l:fill_and_crop/mieszkanie-na-sprzedaz-gdansk-osowa-57-m.jpg
gratka-TY334974,12,https://thumbs.cdngr.pl/thumb/aHR0cDovL21lZGlhLmRvbXkucGwvaW1nL3pkamVjaWEvdHlzemtpZXcvMy90eXN6a2lld19tc19UWTMzNDk3NF8xMy5qcGcjdj0xXzM4NTMwNTk3NjY=/3x2_l:fill_and_crop/mieszkanie-na-sprzedaz-gdansk-osowa-57-m.jpg
gratka-TY334974,13,https://thumbs.cdngr.pl/thumb/aHR0cDovL21lZGlhLmRvbXkucGwvaW1nL3pkamVjaWEvdHlzemtpZXcvOC90eXN6a2lld19tc19UWTMzNDk3NF8xNC5qcGcjdj0xXzM4NTMwNTk3Njc=/3x2_l:fill_and_crop/mieszkanie-na-sprzedaz-gdansk-osowa-57-m.jpg
gratka-TY334974,14,https://thumbs.cdngr.pl/thumb/aHR0cDovL21lZGlhLmRvbXkucGwvaW1nL3pkamVjaWEvdHlzemtpZXcvNS90eXN6a2lld19tc19UWTMzNDk3NF8xNS5qcGcjdj0xXzM4NTMwNTk3Njg=/3x2_l:fill_and_crop/mieszkanie-na-sprzedaz-gdansk-osowa-57-m.jpg
gratka-TY334974,15,https://thumbs.cdngr.pl/thumb/aHR0cDovL21lZGlhLmRvbXkucGwvaW1nL3pkamVjaWEvdHlzemtpZXcvZC90eXN6a2lld19tc19UWTMzNDk3NF8xNi5qcGcjdj0xXzM4NTMwNTk3Njk=/3x2_l:fill_and_crop/mieszkanie-na-sprzedaz-gdansk-osowa-57-m.jpg
gratka-TY334974,16,https://thumbs.cdngr.pl/thumb/aHR0cDovL21lZGlhLmRvbXkucGwvaW1nL3pkamVjaWEvdHlzemtpZXcvYS90eXN6a2lld19tc19UWTMzNDk3NF8xNy5qcGcjdj0xXzM4NTMwNTk3NzA=/3x2_l:fill_and_crop/mieszkanie-na-sprzedaz-gdansk-osowa-57-m.jpg
gratka-TY334974,17,https://thumbs.cdngr.pl/thumb/aHR0cDovL21lZGlhLmRvbXkucGwvaW1nL3pkamVjaWEvdHlzemtpZXcvYS90eXN6a2lld19tc19UWTMzNDk3NF8xOC5qcGcjdj0xXzM4NTMwNTk3NzE=/3x2_l:fill_and_crop/mieszkanie-na-sprzedaz-gdansk-osowa-57-m.jpg
gratka-TY334974,18,https://thumbs.cdngr.pl/thumb/aHR0cDovL21lZGlhLmRvbXkucGwvaW1nL3pkamVjaWEvdHlzemtpZXcvNS90eXN6a2lld19tc19UWTMzNDk3NF8xOS5qcGcjdj0xXzM4NTMwNTk3NzI=/3x2_l:fill_and_crop/mieszkanie-na-sprzedaz-gdansk-osowa-57-m.jpg
gratka-TY334974,19,https://thumbs.cdngr.pl/thumb/aHR0cDovL21lZGlhLmRvbXkucGwvaW1nL3pkamVjaWEvdHlzemtpZXcvMy90eXN6a2lld19tc19UWTMzNDk3NF8yMC5qcGcjdj0xXzM4NTMwNTk3NzM=/3x2_l:fill_and_crop/mieszkanie-na-sprzedaz-gdansk-osowa-57-m.jpg
gratka-TY334974,20,https://thumbs.cdngr.pl/thumb/aHR0cDovL21lZGlhLmRvbXkucGwvaW1nL3pkamVjaWEvdHlzemtpZXcvNS90eXN6a2lld19tc19UWTMzNDk3NF8yMS5qcGcjdj0xXzM4NTMwNTk3NzQ=/3x2_l:fill_and_crop/mieszkanie-na-sprzedaz-gdansk-osowa-57-m.jpg
gratka-TY334974,21,https://thumbs.cdngr.pl/thumb/aHR0cDovL21lZGlhLmRvbXkucGwvaW1nL3pkamVjaWEvdHlzemtpZXcvMi90eXN6a2lld19tc19UWTMzNDk3NF8yMi5qcGcjdj0xXzM4NTMwNTk3NzU=/3x2_l:fill_and_crop/mieszkanie-na-sprzedaz-gdansk-osowa-57-m.jpg
gratka-44462207,0,https://thumbs.cdngr.pl/thumb/aHR0cDovL21lZGlhLmRvbXkucGwvaW1nL3pkamVjaWEvemdsb3N6ZW5pYS9lL3pnbG9zemVuaWFfbXNfZ3JhdGthLTQ0NDYyMjA3XzEuanBnI3Y9MV8zODI0ODgxMzAy/3x2_l:fill_and_crop/mieszkanie-na-sprzedaz-92-m.jpg
gratka-44462207,1,https://thumbs.cdngr.pl/thumb/aHR0cDovL21lZGlhLmRvbXkucGwvaW1nL3pkamVjaWEvemdsb3N6ZW5pYS8zL3pnbG9zemVuaWFfbXNfZ3JhdGthLTQ0NDYyMjA3XzIuanBnI3Y9MV8zODI0ODgxMzAz/3x2_l:fill_and_crop/mieszkanie-na-sprzedaz-92-m.jpg
gratka-44462207,2,https://thumbs.cdngr.pl/thumb/aHR0cDovL21lZGlhLmRvbXkucGwvaW1nL3pkamVjaWEvemdsb3N6ZW5pYS9hL3pnbG9zemVuaWFfbXNfZ3JhdGthLTQ0NDYyMjA3XzMuanBnI3Y9MV8zODI0ODgxMzA0/3x2_l:fill_and_crop/mieszkanie-na-sprzedaz-92-m.jpg
gratka-44462207,3,https://thumbs.cdngr.pl/thumb/aHR0cDovL21lZGlhLmRvbXkucGwvaW1nL3pkamVjaWEvemdsb3N6ZW5pYS8yL3pnbG9zemVuaWFfbXNfZ3JhdGthLTQ0NDYyMjA3XzQuanBnI3Y9MV8zODI0ODgxMzA1/3x2_l:fill_and_crop/mieszkanie-na-sprzedaz-92-m.jpg
gratka-44462207,4,https://thumbs.cdngr.pl/thumb/aHR0cDovL21lZGlhLmRvbXkucGwvaW1nL3pkamVjaWEvemdsb3N6ZW5pYS85L3pnbG9zemVuaWFfbXNfZ3JhdGthLTQ0NDYyMjA3XzUuanBnI3Y9MV8zODI0ODgxMzA2/3x2_l:fill_and_crop/mieszkanie-na-sprzedaz-92-m.jpg
gratka-44462207,5,https://thumbs.cdngr.pl/thumb/aHR0cDovL21lZGlhLmRvbXkucGwvaW1nL3pkamVjaWEvemdsb3N6ZW5pYS8yL3pnbG9zemVuaWFfbXNfZ3JhdGthLTQ0NDYyMjA3XzYuanBnI3Y9MV8zODI0ODgxMzA3/3x2_l:fill_and_crop/mieszkanie-na-sprzedaz-92-m.jpg
gratka-44462207,6,https://thumbs.cdngr.pl/thumb/aHR0cDovL21lZGlhLmRvbXkucGwvaW1nL3pkamVjaWEvemdsb3N6ZW5pYS8yL3pnbG9zemVuaWFfbXNfZ3JhdGthLTQ0NDYyMjA3XzcuanBnI3Y9MV8zODI0ODgxMzA4/3x2_l:fill_and_crop/mieszkanie-na-sprzedaz-92-m.jpg
gratka-44462207,7,https://thumbs.cdngr.pl/thumb/aHR0cDovL21lZGlhLmRvbXkucGwvaW1nL3pkamVjaWEvemdsb3N6ZW5pYS8wL3pnbG9zemVuaWFfbXNfZ3JhdGthLTQ0NDYyMjA3XzguanBnI3Y9MV8zODI0ODgxMzA5/3x2_l:fill_and_crop/mieszkanie-na-sprzedaz-92-m.jpg
gratka-44462207,8,https://thumbs.cdngr.pl/thumb/aHR0cDovL21lZGlhLmRvbXkucGwvaW1nL3pkamVjaWEvemdsb3N6ZW5pYS8yL3pnbG9zemVuaWFfbXNfZ3JhdGthLTQ0NDYyMjA3XzkuanBnI3Y9MV8zODI0ODgxMzEw/3x2_l:fill_and_crop/mieszkanie-na-sprzedaz-92-m.jpg
gratka-44462207,9,https://thumbs.cdngr.pl/thumb/aHR0cDovL21lZGlhLmRvbXkucGwvaW1nL3pkamVjaWEvemdsb3N6ZW5pYS82L3pnbG9zemVuaWFfbXNfZ3JhdGthLTQ0NDYyMjA3XzEwLmpwZyN2PTFfMzgyNDg4MTMxMQ==/3x2_l:fill_and_crop/mieszkanie-na-sprzedaz-92-m.jpg
gratka-44462207,10,https://thumbs.cdngr.pl/thumb/aHR0cDovL21lZGlhLmRvbXkucGwvaW1nL3pkamVjaWEvemdsb3N6ZW5pYS9lL3pnbG9zemVuaWFfbXNfZ3JhdGthLTQ0NDYyMjA3XzExLmpwZyN2PTFfMzgyNDg4MTMxMg==/3x2_l:fill_and_crop/mieszkanie-na-sprzedaz-92-m.jpg
gratka-44462207,11,https://thumbs.cdngr.pl/thumb/aHR0cDovL21lZGlhLmRvbXkucGwvaW1nL3pkamVjaWEvemdsb3N6ZW5pYS8wL3pnbG9zemVuaWFfbXNfZ3JhdGthLTQ0NDYyMjA3XzEyLmpwZyN2PTFfMzgyNDg4MTMxMw==/3x2_l:fill_and_crop/mieszkanie-na-sprzedaz-92-m.jpg
gratka-44432747,0,https://thumbs.cdngr.pl/thumb/aHR0cDovL21lZGlhLmRvbXkucGwvaW1nL3pkamVjaWEvemdsb3N6ZW5pYS80L3pnbG9zemVuaWFfbXNfZ3JhdGthLTQ0NDMyNzQ3XzEuanBnI3Y9MV8zODIwOTU4MjY0/3x2_l:fill_and_crop/mieszkanie-na-sprzedaz-47-m.jpg
gratka-44432747,1,https://thumbs.cdngr.pl/thumb/aHR0cDovL21lZGlhLmRvbXkucGwvaW1nL3pkamVjaWEvemdsb3N6ZW5pYS82L3pnbG9zemVuaWFfbXNfZ3JhdGthLTQ0NDMyNzQ3XzIuanBnI3Y9MV8zODIwOTU4MjY1/3x2_l:fill_and_crop/mieszkanie-na-sprzedaz-47-m.jpg
gratka-44432747,2,https://thumbs.cdngr.pl/thumb/aHR0cDovL21lZGlhLmRvbXkucGwvaW1nL3pkamVjaWEvemdsb3N6ZW5pYS8wL3pnbG9zemVuaWFfbXNfZ3JhdGthLTQ0NDMyNzQ3XzMuanBnI3Y9MV8zODIwOTU4MjY2/3x2_l:fill_and_crop/mieszkanie-na-sprzedaz-47-m.jpg
gratka-44432747,3,https://thumbs.cdngr.pl/thumb/aHR0cDovL21lZGlhLmRvbXkucGwvaW1nL3pkamVjaWEvemdsb3N6ZW5pYS9mL3pnbG9zemVuaWFfbXNfZ3JhdGthLTQ0NDMyNzQ3XzQuanBnI3Y9MV8zODIwOTU4MjY3/3x2_l:fill_and_crop/mieszkanie-na-sprzedaz-47-m.jpg
gratka-44432747,4,https://thumbs.cdngr.pl/thumb/aHR0cDovL21lZGlhLmRvbXkucGwvaW1nL3pkamVjaWEvemdsb3N6ZW5pYS9kL3pnbG9zemVuaWFfbXNfZ3JhdGthLTQ0NDMyNzQ3XzUuanBnI3Y9MV8zODIwOTU4MjY4/3x2_l:fill_and_crop/mieszkanie-na-sprzedaz-47-m.jpg
gratka-44432747,5,https://thumbs.cdngr.pl/thumb/aHR0cDovL21lZGlhLmRvbXkucGwvaW1nL3pkamVjaWEvemdsb3N6ZW5pYS9iL3pnbG9zemVuaWFfbXNfZ3JhdGthLTQ0NDMyNzQ3XzYuanBnI3Y9MV8zODIwOTU4MjY5/3x2_l:fill_and_crop/mieszkanie-na-sprzedaz-47-m.jpg
gratka-44432747,6,https://thumbs.cdngr.pl/thumb/aHR0cDovL21lZGlhLmRvbXkucGwvaW1nL3pkamVjaWEvemdsb3N6ZW5pYS8xL3pnbG9zemVuaWFfbXNfZ3JhdGthLTQ0NDMyNzQ3XzcuanBnI3Y9MV8zODIwOTU4Mjcw/3x2_l:fill_and_crop/mieszkanie-na-sprzedaz-47-m.jpg
gratka-44432747,7,https://thumbs.cdngr.pl/thumb/aHR0cDovL21lZGlhLmRvbXkucGwvaW1nL3pkamVjaWEvemdsb3N6ZW5pYS9iL3pnbG9zemVuaWFfbXNfZ3JhdGthLTQ0NDMyNzQ3XzguanBnI3Y9MV8zODIwOTU4Mjcx/3x2_l:fill_and_crop/mieszkanie-na-sprzedaz-47-m.jpg
gratka-44432747,8,https://thumbs.cdngr.pl/thumb/aHR0cDovL21lZGlhLmRvbXkucGwvaW1nL3pkamVjaWEvemdsb3N6ZW5pYS80L3pnbG9zemVuaWFfbXNfZ3JhdGthLTQ0NDMyNzQ3XzkuanBnI3Y9MV8zODIwOTU4Mjcy/3x2_l:fill_and_crop/mieszkanie-na-sprzedaz-47-m.jpg
gratka-E_7M03,0,https://thumbs.cdngr.pl/thumb/aHR0cDovL21lZGlhLmRvbXkucGwvaW1nL2Rld2Vsb3Blcnp5LzExODM4X3dpenVhbGl6YWNqYTEuanBnI3Y9MTc2MjMzNzg3Ng==/3x2_l:fill_and_crop/mieszkanie-w-inwestycji-nowa-walowa-gdansk-102-m.jpg
gratka-E_7M03,1,https://thumbs.cdngr.pl/thumb/aHR0cDovL21lZGlhLmRvbXkucGwvaW1nL2Rld2Vsb3Blcnp5LzExODM4X3dpenVhbGl6YWNqYTIuanBnI3Y9MTc2MjMzNzg3Ng==/3x2_l:fill_and_crop/mieszkanie-w-inwestycji-nowa-walowa-gdansk-102-m.jpg
gratka-E_7M03,2,https://thumbs.cdngr.pl/thumb/aHR0cDovL21lZGlhLmRvbXkucGwvaW1nL2Rld2Vsb3Blcnp5LzExODM4X3dpenVhbGl6YWNqYTMuanBnI3Y9MTc2MjMzNzg3Ng==/3x2_l:fill_and_crop/mieszkanie-w-inwestycji-nowa-walowa-gdansk-102-m.jpg
gratka-E_7M03,3,https://thumbs.cdngr.pl/thumb/aHR0cDovL21lZGlhLmRvbXkucGwvaW1nL2Rld2Vsb3Blcnp5LzExODM4X3dpenVhbGl6YWNqYTQuanBnI3Y9MTc2MjMzNzg3Ng==/3x2_l:fill_and_crop/mieszkanie-w-inwestycji-nowa-walowa-gdansk-102-m.jpg
gratka-E_7M03,4,https://thumbs.cdngr.pl/thumb/aHR0cDovL21lZGlhLmRvbXkucGwvaW1nL2Rld2Vsb3Blcnp5LzExODM4X3dpenVhbGl6YWNqYTUuanBnI3Y9MTc2MjMzNzg3Ng==/3x2_l:fill_and_crop/mieszkanie-w-inwestycji-nowa-walowa-gdansk-102-m.jpg
gratka-E_7M03,5,https://thumbs.cdngr.pl/thumb/aHR0cDovL21lZGlhLmRvbXkucGwvaW1nL2Rld2Vsb3Blcnp5LzExODM4X3dpenVhbGl6YWNqYTYuanBnI3Y9MTc2MjMzNzg3Ng==/3x2_l:fill_and_crop/mieszkanie-w-inwestycji-nowa-walowa-gdansk-102-m.jpg
gratka-E_7M11,0,https://thumbs.cdngr.pl/thumb/aHR0cDovL21lZGlhLmRvbXkucGwvaW1nL2Rld2Vsb3Blcnp5LzExODM4X3dpenVhbGl6YWNqYTEuanBnI3Y9MTc2MjMzNzg3Ng==/3x2_l:fill_and_crop/mieszkanie-w-inwestycji-nowa-walowa-gdansk-83-m.jpg
gratka-E_7M11,1,https://thumbs.cdngr.pl/thumb/aHR0cDovL21lZGlhLmRvbXkucGwvaW1nL2Rld2Vsb3Blcnp5LzExODM4X3dpenVhbGl6YWNqYTIuanBnI3Y9MTc2MjMzNzg3Ng==/3x2_l:fill_and_crop/mieszkanie-w-inwestycji-nowa-walowa-gdansk-83-m.jpg
gratka-E_7M11,2,https://thumbs.cdngr.pl/thumb/aHR0cDovL21lZGlhLmRvbXkucGwvaW1nL2Rld2Vsb3Blcnp5LzExODM4X3dpenVhbGl6YWNqYTMuanBnI3Y9MTc2MjMzNzg3Ng==/3x2_l:fill_and_crop/mieszkanie-w-inwestycji-nowa-walowa-gdansk-83-m.jpg
gratka-E_7M11,3,https://thumbs.cdngr.pl/thumb/aHR0cDovL21lZGlhLmRvbXkucGwvaW1nL2Rld2Vsb3Blcnp5LzExODM4X3dpenVhbGl6YWNqYTQuanBnI3Y9MTc2MjMzNzg3Ng==/3x2_l:fill_and_crop/mieszkanie-w-inwestycji-nowa-walowa-gdansk-83-m.jpg
gratka-E_7M11,4,https://thumbs.cdngr.pl/thumb/aHR0cDovL21lZGlhLmRvbXkucGwvaW1nL2Rld2Vsb3Blcnp5LzExODM4X3dpenVhbGl6YWNqYTUuanBnI3Y9MTc2MjMzNzg3Ng==/3x2_l:fill_and_crop/mieszkanie-w-inwestycji-nowa-walowa-gdansk-83-m.jpg
gratka-E_7M11,5,https://thumbs.cdngr.pl/thumb/aHR0cDovL21lZGlhLmRvbXkucGwvaW1nL2Rld2Vsb3Blcnp5LzExODM4X3dpenVhbGl6YWNqYTYuanBnI3Y9MTc2MjMzNzg3Ng==/3x2_l:fill_and_crop/mieszkanie-w-inwestycji-nowa-walowa-gdansk-83-m.jpg
gratka-A_0M03,0,https://thumbs.cdngr.pl/thumb/aHR0cDovL21lZGlhLmRvbXkucGwvaW1nL2Rld2Vsb3Blcnp5LzExNDU1X3dpenVhbGl6YWNqYTEuanBnI3Y9MTc2MjMzNTIzNw==/3x2_l:fill_and_crop/mieszkanie-w-inwestycji-kobieli-4-gdansk-34-m.jpg
gratka-A_0M03,1,https://thumbs.cdngr.pl/thumb/aHR0cDovL21lZGlhLmRvbXkucGwvaW1nL2Rld2Vsb3Blcnp5LzExNDU1X3dpenVhbGl6YWNqYTIuanBnI3Y9MTc2MjMzNTIzNw==/3x2_l:fill_and_crop/mieszkanie-w-inwestycji-kobieli-4-gdansk-34-m.jpg
gratka-A_0M03,2,https://thumbs.cdngr.pl/thumb/aHR0cDovL21lZGlhLmRvbXkucGwvaW1nL2Rld2Vsb3Blcnp5LzExNDU1X3dpenVhbGl6YWNqYTMuanBnI3Y9MTc2MjMzNTIzNw==/3x2_l:fill_and_crop/mieszkanie-w-inwestycji-kobieli-4-gdansk-34-m.jpg
gratka-A_0M08,0,https://thumbs.cdngr.pl/thumb/aHR0cDovL21lZGlhLmRvbXkucGwvaW1nL2Rld2Vsb3Blcnp5LzExNDU1X3dpenVhbGl6YWNqYTEuanBnI3Y9MTc2MjMzNTIzNw==/3x2_l:fill_and_crop/mieszkanie-w-inwestycji-kobieli-4-gdansk-92-m.jpg
gratka-A_0M08,1,https://thumbs.cdngr.pl/thumb/aHR0cDovL21lZGlhLmRvbXkucGwvaW1nL2Rld2Vsb3Blcnp5LzExNDU1X3dpenVhbGl6YWNqYTIuanBnI3Y9MTc2MjMzNTIzNw==/3x2_l:fill_and_crop/mieszkanie-w-inwestycji-kobieli-4-gdansk-92-m.jpg
gratka-A_0M08,2,https://thumbs.cdngr.pl/thumb/aHR0cDovL21lZGlhLmRvbXkucGwvaW1nL2Rld2Vsb3Blcnp5LzExNDU1X3dpenVhbGl6YWNqYTMuanBnI3Y9MTc2MjMzNTIzNw==/3x2_l:fill_and_crop/mieszkanie-w-inwestycji-kobieli-4-gdansk-92-m.jpg
gratka-CP/R7/91,0,https://thumbs.cdngr.pl/thumb/aHR0cDovL21lZGlhLmRvbXkucGwvaW1nL3pkamVjaWEvaG9zc2EvZS9ob3NzYV9tc19DUCUyNTJGUjclMjUyRjkxXzEuanBnI3Y9MV8zODQ4MzkxOTUw/3x2_l:fill_and_crop/mieszkanie-w-inwestycji-centralpark-gdansk-85-m.jpg
gratka-CP/R7/91,1,https://thumbs.cdngr.pl/thumb/aHR0cDovL21lZGlhLmRvbXkucGwvaW1nL3pkamVjaWEvaG9zc2EvMy9ob3NzYV9tc19DUCUyNTJGUjclMjUyRjkxXzIuanBnI3Y9MV8zODQ4MzkxOTU0/3x2_l:fill_and_crop/mieszkanie-w-inwestycji-centralpark-gdansk-85-m.jpg
gratka-CP/R7/91,2,https://thumbs.cdngr.pl/thumb/aHR0cDovL21lZGlhLmRvbXkucGwvaW1nL3pkamVjaWEvaG9zc2EvOC9ob3NzYV9tc19DUCUyNTJGUjclMjUyRjkxXzMuanBnI3Y9MV8zODQ4MzkxOTU3/3x2_l:fill_and_crop/mieszkanie-w-inwestycji-centralpark-gdansk-85-m.jpg
gratka-CP/R7/91,3,https://thumbs.cdngr.pl/thumb/aHR0cDovL21lZGlhLmRvbXkucGwvaW1nL3pkamVjaWEvaG9zc2EvNi9ob3NzYV9tc19DUCUyNTJGUjclMjUyRjkxXzQuanBnI3Y9MV8zODQ4MzkxOTU4/3x2_l:fill_and_crop/mieszkanie-w-inwestycji-centralpark-gdansk-85-m.jpg
gratka-CP/R7/91,4,https://thumbs.cdngr.pl/thumb/aHR0cDovL21lZGlhLmRvbXkucGwvaW1nL2Rld2Vsb3Blcnp5LzEwNzQ3X3dpenVhbGl6YWNqYTEuanBnI3Y9MTc1NTg1NDExNg==/3x2_l:fill_and_crop/mieszkanie-w-inwestycji-centralpark-gdansk-85-m.jpg
gratka-CP/R7/91,5,https://thumbs.cdngr.pl/thumb/aHR0cDovL21lZGlhLmRvbXkucGwvaW1nL2Rld2Vsb3Blcnp5LzEwNzQ3X3dpenVhbGl6YWNqYTIuanBnI3Y9MTc1NTg1NDExNg==/3x2_l:fill_and_crop/mieszkanie-w-inwestycji-centralpark-gdansk-85-m.jpg
gratka-CP/R7/91,6,https://thumbs.cdngr.pl/thumb/aHR0cDovL21lZGlhLmRvbXkucGwvaW1nL2Rld2Vsb3Blcnp5LzEwNzQ3X3dpenVhbGl6YWNqYTMuanBnI3Y9MTc1NTg1NDExNg==/3x2_l:fill_and_crop/mieszkanie-w-inwestycji-centralpark-gdansk-85-m.jpg
gratka-CP/R7/91,7,https://thumbs.cdngr.pl/thumb/aHR0cDovL21lZGlhLmRvbXkucGwvaW1nL2Rld2Vsb3Blcnp5LzEwNzQ3X3dpenVhbGl6YWNqYTQuanBnI3Y9MTc1NTg1NDExNg==/3x2_l:fill_and_crop/mieszkanie-w-inwestycji-centralpark-gdansk-85-m.jpg
gratka-CP/R7/91,8,https://thumbs.cdngr.pl/thumb/aHR0cDovL21lZGlhLmRvbXkucGwvaW1nL2Rld2Vsb3Blcnp5LzEwNzQ3X3dpenVhbGl6YWNqYTUuanBnI3Y9MTc1NTg1NDExNg==/3x2_l:fill_and_crop/mieszkanie-w-inwestycji-centralpark-gdansk-85-m.jpg
gratka-CP/R7/91,9,https://thumbs.cdngr.pl/thumb/aHR0cDovL21lZGlhLmRvbXkucGwvaW1nL2Rld2Vsb3Blcnp5LzEwNzQ3X3dpenVhbGl6YWNqYTYuanBnI3Y9MTc1NTg1NDExNg==/3x2_l:fill_and_crop/mieszkanie-w-inwestycji-centralpark-gdansk-85-m.jpg
gratka-CP/R7/91,10,https://thumbs.cdngr.pl/thumb/aHR0cDovL21lZGlhLmRvbXkucGwvaW1nL2Rld2Vsb3Blcnp5LzEwNzQ3X3dpenVhbGl6YWNqYTcuanBnI3Y9MTc1NTg1NDExNg==/3x2_l:fill_and_crop/mieszkanie-w-inwestycji-centralpark-gdansk-85-m.jpg
gratka-CP/R7/91,11,https://thumbs.cdngr.pl/thumb/aHR0cDovL21lZGlhLmRvbXkucGwvaW1nL2Rld2Vsb3Blcnp5LzEwNzQ3X3dpenVhbGl6YWNqYTguanBnI3Y9MTc1NTg1NDExNg==/3x2_l:fill_and_crop/mieszkanie-w-inwestycji-centralpark-gdansk-85-m.jpg
gratka-CP/R7/91,12,https://thumbs.cdngr.pl/thumb/aHR0cDovL21lZGlhLmRvbXkucGwvaW1nL2Rld2Vsb3Blcnp5LzEwNzQ3X3dpenVhbGl6YWNqYTkuanBnI3Y9MTc1NTg1NDExNg==/3x2_l:fill_and_crop/mieszkanie-w-inwestycji-centralpark-gdansk-85-m.jpg
gratka-CP/R7/91,13,https://thumbs.cdngr.pl/thumb/aHR0cDovL21lZGlhLmRvbXkucGwvaW1nL2Rld2Vsb3Blcnp5LzEwNzQ3X3dpenVhbGl6YWNqYTEwLmpwZyN2PTE3NTU4NTQxMTY=/3x2_l:fill_and_crop/mieszkanie-w-inwestycji-centralpark-gdansk-85-m.jpg
gratka-CP/R7/103,0,https://thumbs.cdngr.pl/thumb/aHR0cDovL21lZGlhLmRvbXkucGwvaW1nL3pkamVjaWEvaG9zc2EvZS9ob3NzYV9tc19DUCUyNTJGUjclMjUyRjEwM18xLmpwZyN2PTFfMzg0ODM5MTk2OA==/3x2_l:fill_and_crop/mieszkanie-w-inwestycji-centralpark-gdansk-79-m.jpg
gratka-CP/R7/103,1,https://thumbs.cdngr.pl/thumb/aHR0cDovL21lZGlhLmRvbXkucGwvaW1nL3pkamVjaWEvaG9zc2EvMi9ob3NzYV9tc19DUCUyNTJGUjclMjUyRjEwM18yLmpwZyN2PTFfMzg0ODM5MTk3MQ==/3x2_l:fill_and_crop/mieszkanie-w-inwestycji-centralpark-gdansk-79-m.jpg
gratka-CP/R7/103,2,https://thumbs.cdngr.pl/thumb/aHR0cDovL21lZGlhLmRvbXkucGwvaW1nL3pkamVjaWEvaG9zc2EvMi9ob3NzYV9tc19DUCUyNTJGUjclMjUyRjEwM18zLmpwZyN2PTFfMzg0ODM5MTk3Mg==/3x2_l:fill_and_crop/mieszkanie-w-inwestycji-centralpark-gdansk-79-m.jpg
gratka-CP/R7/103,3,https://thumbs.cdngr.pl/thumb/aHR0cDovL21lZGlhLmRvbXkucGwvaW1nL3pkamVjaWEvaG9zc2EvYy9ob3NzYV9tc19DUCUyNTJGUjclMjUyRjEwM180LmpwZyN2PTFfMzg0ODM5MTk3Mw==/3x2_l:fill_and_crop/mieszkanie-w-inwestycji-centralpark-gdansk-79-m.jpg
gratka-CP/R7/103,4,https://thumbs.cdngr.pl/thumb/aHR0cDovL21lZGlhLmRvbXkucGwvaW1nL2Rld2Vsb3Blcnp5LzEwNzQ3X3dpenVhbGl6YWNqYTEuanBnI3Y9MTc1NTg1NDExNg==/3x2_l:fill_and_crop/mieszkanie-w-inwestycji-centralpark-gdansk-79-m.jpg
gratka-CP/R7/103,5,https://thumbs.cdngr.pl/thumb/aHR0cDovL21lZGlhLmRvbXkucGwvaW1nL2Rld2Vsb3Blcnp5LzEwNzQ3X3dpenVhbGl6YWNqYTIuanBnI3Y9MTc1NTg1NDExNg==/3x2_l:fill_and_crop/mieszkanie-w-inwestycji-centralpark-gdansk-79-m.jpg
gratka-CP/R7/103,6,https://thumbs.cdngr.pl/thumb/aHR0cDovL21lZGlhLmRvbXkucGwvaW1nL2Rld2Vsb3Blcnp5LzEwNzQ3X3dpenVhbGl6YWNqYTMuanBnI3Y9MTc1NTg1NDExNg==/3x2_l:fill_and_crop/mieszkanie-w-inwestycji-centralpark-gdansk-79-m.jpg
gratka-CP/R7/103,7,https://thumbs.cdngr.pl/thumb/aHR0cDovL21lZGlhLmRvbXkucGwvaW1nL2Rld2Vsb3Blcnp5LzEwNzQ3X3dpenVhbGl6YWNqYTQuanBnI3Y9MTc1NTg1NDExNg==/3x2_l:fill_and_crop/mieszkanie-w-inwestycji-centralpark-gdansk-79-m.jpg
gratka-CP/R7/103,8,https://thumbs.cdngr.pl/thumb/aHR0cDovL21lZGlhLmRvbXkucGwvaW1nL2Rld2Vsb3Blcnp5LzEwNzQ3X3dpenVhbGl6YWNqYTUuanBnI3Y9MTc1NTg1NDExNg==/3x2_l:fill_and_crop/mieszkanie-w-inwestycji-centralpark-gdansk-79-m.jpg
gratka-CP/R7/103,9,https://thumbs.cdngr.pl/thumb/aHR0cDovL21lZGlhLmRvbXkucGwvaW1nL2Rld2Vsb3Blcnp5LzEwNzQ3X3dpenVhbGl6YWNqYTYuanBnI3Y9MTc1NTg1NDExNg==/3x2_l:fill_and_crop/mieszkanie-w-inwestycji-centralpark-gdansk-79-m.jpg
gratka-CP/R7/103,10,https://thumbs.cdngr.pl/thumb/aHR0cDovL21lZGlhLmRvbXkucGwvaW1nL2Rld2Vsb3Blcnp5LzEwNzQ3X3dpenVhbGl6YWNqYTcuanBnI3Y9MTc1NTg1NDExNg==/3x2_l:fill_and_crop/mieszkanie-w-inwestycji-centralpark-gdansk-79-m.jpg
gratka-CP/R7/103,11,https://thumbs.cdngr.pl/thumb/aHR0cDovL21lZGlhLmRvbXkucGwvaW1nL2Rld2Vsb3Blcnp5LzEwNzQ3X3dpenVhbGl6YWNqYTguanBnI3Y9MTc1NTg1NDExNg==/3x2_l:fill_and_crop/mieszkanie-w-inwestycji-centralpark-gdansk-79-m.jpg
gratka-CP/R7/103,12,https://thumbs.cdngr.pl/thumb/aHR0cDovL21lZGlhLmRvbXkucGwvaW1nL2Rld2Vsb3Blcnp5LzEwNzQ3X3dpenVhbGl6YWNqYTkuanBnI3Y9MTc1NTg1NDExNg==/3x2_l:fill_and_crop/mieszkanie-w-inwestycji-centralpark-gdansk-79-m.jpg
gratka-CP/R7/103,13,https://thumbs.cdngr.pl/thumb/aHR0cDovL21lZGlhLmRvbXkucGwvaW1nL2Rld2Vsb3Blcnp5LzEwNzQ3X3dpenVhbGl6YWNqYTEwLmpwZyN2PTE3NTU4NTQxMTY=/3x2_l:fill_and_crop/mieszkanie-w-inwestycji-centralpark-gdansk-79-m.jpg
gratka-B2.2M01,0,https://thumbs.cdngr.pl/thumb/aHR0cDovL21lZGlhLmRvbXkucGwvaW1nL2Rld2Vsb3Blcnp5LzExMDYzX3dpenVhbGl6YWNqYTEuanBnI3Y9MTc2MjM0MDYyNA==/3x2_l:fill_and_crop/mieszkanie-w-inwestycji-rosa-residence-gdansk-71-m.jpg
gratka-B2.2M01,1,https://thumbs.cdngr.pl/thumb/aHR0cDovL21lZGlhLmRvbXkucGwvaW1nL2Rld2Vsb3Blcnp5LzExMDYzX3dpenVhbGl6YWNqYTIuanBnI3Y9MTc2MjM0MDYyNA==/3x2_l:fill_and_crop/mieszkanie-w-inwestycji-rosa-residence-gdansk-71-m.jpg
gratka-B2.2M01,2,https://thumbs.cdngr.pl/thumb/aHR0cDovL21lZGlhLmRvbXkucGwvaW1nL2Rld2Vsb3Blcnp5LzExMDYzX3dpenVhbGl6YWNqYTMuanBnI3Y9MTc2MjM0MDYyNA==/3x2_l:fill_and_crop/mieszkanie-w-inwestycji-rosa-residence-gdansk-71-m.jpg
gratka-B2.2M01,3,https://thumbs.cdngr.pl/thumb/aHR0cDovL21lZGlhLmRvbXkucGwvaW1nL2Rld2Vsb3Blcnp5LzExMDYzX3dpenVhbGl6YWNqYTQuanBnI3Y9MTc2MjM0MDYyNA==/3x2_l:fill_and_crop/mieszkanie-w-inwestycji-rosa-residence-gdansk-71-m.jpg
gratka-A3.2M02,0,https://thumbs.cdngr.pl/thumb/aHR0cDovL21lZGlhLmRvbXkucGwvaW1nL2Rld2Vsb3Blcnp5LzExMDYzX3dpenVhbGl6YWNqYTEuanBnI3Y9MTc2MjM0MDYyNA==/3x2_l:fill_and_crop/mieszkanie-w-inwestycji-rosa-residence-gdansk-82-m.jpg
gratka-A3.2M02,1,https://thumbs.cdngr.pl/thumb/aHR0cDovL21lZGlhLmRvbXkucGwvaW1nL2Rld2Vsb3Blcnp5LzExMDYzX3dpenVhbGl6YWNqYTIuanBnI3Y9MTc2MjM0MDYyNA==/3x2_l:fill_and_crop/mieszkanie-w-inwestycji-rosa-residence-gdansk-82-m.jpg
gratka-A3.2M02,2,https://thumbs.cdngr.pl/thumb/aHR0cDovL21lZGlhLmRvbXkucGwvaW1nL2Rld2Vsb3Blcnp5LzExMDYzX3dpenVhbGl6YWNqYTMuanBnI3Y9MTc2MjM0MDYyNA==/3x2_l:fill_and_crop/mieszkanie-w-inwestycji-rosa-residence-gdansk-82-m.jpg
gratka-A3.2M02,3,https://thumbs.cdngr.pl/thumb/aHR0cDovL21lZGlhLmRvbXkucGwvaW1nL2Rld2Vsb3Blcnp5LzExMDYzX3dpenVhbGl6YWNqYTQuanBnI3Y9MTc2MjM0MDYyNA==/3x2_l:fill_and_crop/mieszkanie-w-inwestycji-rosa-residence-gdansk-82-m.jpg
gratka-J_1M02,0,https://thumbs.cdngr.pl/thumb/aHR0cDovL21lZGlhLmRvbXkucGwvaW1nL2Rld2Vsb3Blcnp5LzEwNjk1X3dpenVhbGl6YWNqYTEuanBnI3Y9MTc2MjMzOTIwMw==/3x2_l:fill_and_crop/mieszkanie-w-inwestycji-nadmotlawie-apartments-gdansk-86-m.jpg
gratka-J_1M02,1,https://thumbs.cdngr.pl/thumb/aHR0cDovL21lZGlhLmRvbXkucGwvaW1nL2Rld2Vsb3Blcnp5LzEwNjk1X3dpenVhbGl6YWNqYTIuanBnI3Y9MTc2MjMzOTIwMw==/3x2_l:fill_and_crop/mieszkanie-w-inwestycji-nadmotlawie-apartments-gdansk-86-m.jpg
gratka-J_1M02,2,https://thumbs.cdngr.pl/thumb/aHR0cDovL21lZGlhLmRvbXkucGwvaW1nL2Rld2Vsb3Blcnp5LzEwNjk1X3dpenVhbGl6YWNqYTMuanBnI3Y9MTc2MjMzOTIwMw==/3x2_l:fill_and_crop/mieszkanie-w-inwestycji-nadmotlawie-apartments-gdansk-86-m.jpg
gratka-J_1M02,3,https://thumbs.cdngr.pl/thumb/aHR0cDovL21lZGlhLmRvbXkucGwvaW1nL2Rld2Vsb3Blcnp5LzEwNjk1X3dpenVhbGl6YWNqYTQuanBnI3Y9MTc2MjMzOTIwMw==/3x2_l:fill_and_crop/mieszkanie-w-inwestycji-nadmotlawie-apartments-gdansk-86-m.jpg
gratka-J_1M02,4,https://thumbs.cdngr.pl/thumb/aHR0cDovL21lZGlhLmRvbXkucGwvaW1nL2Rld2Vsb3Blcnp5LzEwNjk1X3dpenVhbGl6YWNqYTUuanBnI3Y9MTc2MjMzOTIwMw==/3x2_l:fill_and_crop/mieszkanie-w-inwestycji-nadmotlawie-apartments-gdansk-86-m.jpg
gratka-f-211263,0,https://thumbs.cdngr.pl/thumb/aHR0cDovL21lZGlhLmRvbXkucGwvaW1nL2Rld2Vsb3Blcnp5LzExNTQ2X3dpenVhbGl6YWNqYTEuanBnI3Y9MTc1NDY2MjczNg==/3x2_l:fill_and_crop/mieszkanie-w-inwestycji-esencja-gdansk-40-m.jpg
gratka-f-211263,1,https://thumbs.cdngr.pl/thumb/aHR0cDovL21lZGlhLmRvbXkucGwvaW1nL2Rld2Vsb3Blcnp5LzExNTQ2X3dpenVhbGl6YWNqYTIuanBnI3Y9MTc1NDY2MjczNg==/3x2_l:fill_and_crop/mieszkanie-w-inwestycji-esencja-gdansk-40-m.jpg
gratka-f-211263,2,https://thumbs.cdngr.pl/thumb/aHR0cDovL21lZGlhLmRvbXkucGwvaW1nL2Rld2Vsb3Blcnp5LzExNTQ2X3dpenVhbGl6YWNqYTMuanBnI3Y9MTc1NDY2MjczNg==/3x2_l:fill_and_crop/mieszkanie-w-inwestycji-esencja-gdansk-40-m.jpg
gratka-f-211263,3,https://thumbs.cdngr.pl/thumb/aHR0cDovL21lZGlhLmRvbXkucGwvaW1nL2Rld2Vsb3Blcnp5LzExNTQ2X3dpenVhbGl6YWNqYTQuanBnI3Y9MTc1NDY2MjczNg==/3x2_l:fill_and_crop/mieszkanie-w-inwestycji-esencja-gdansk-40-m.jpg
gratka-f-211263,4,https://thumbs.cdngr.pl/thumb/aHR0cDovL21lZGlhLmRvbXkucGwvaW1nL2Rld2Vsb3Blcnp5LzExNTQ2X3dpenVhbGl6YWNqYTUuanBnI3Y9MTc1NDY2MjczNg==/3x2_l:fill_and_crop/mieszkanie-w-inwestycji-esencja-gdansk-40-m.jpg
gratka-f-211263,5,https://thumbs.cdngr.pl/thumb/aHR0cDovL21lZGlhLmRvbXkucGwvaW1nL2Rld2Vsb3Blcnp5LzExNTQ2X3dpenVhbGl6YWNqYTYuanBnI3Y9MTc1NDY2MjczNg==/3x2_l:fill_and_crop/mieszkanie-w-inwestycji-esencja-gdansk-40-m.jpg
gratka-f-211263,6,https://thumbs.cdngr.pl/thumb/aHR0cDovL21lZGlhLmRvbXkucGwvaW1nL2Rld2Vsb3Blcnp5LzExNTQ2X3dpenVhbGl6YWNqYTcuanBnI3Y9MTc1NDY2MjczNg==/3x2_l:fill_and_crop/mieszkanie-w-inwestycji-esencja-gdansk-40-m.jpg
gratka-f-211263,7,https://thumbs.cdngr.pl/thumb/aHR0cDovL21lZGlhLmRvbXkucGwvaW1nL2Rld2Vsb3Blcnp5LzExNTQ2X3dpenVhbGl6YWNqYTguanBnI3Y9MTc1NDY2MjczNg==/3x2_l:fill_and_crop/mieszkanie-w-inwestycji-esencja-gdansk-40-m.jpg
gratka-f-211263,8,https://thumbs.cdngr.pl/thumb/aHR0cDovL21lZGlhLmRvbXkucGwvaW1nL2Rld2Vsb3Blcnp5LzExNTQ2X3dpenVhbGl6YWNqYTkuanBnI3Y9MTc1NDY2MjczNg==/3x2_l:fill_and_crop/mieszkanie-w-inwestycji-esencja-gdansk-40-m.jpg
gratka-f-211263,9,https://thumbs.cdngr.pl/thumb/aHR0cDovL21lZGlhLmRvbXkucGwvaW1nL2Rld2Vsb3Blcnp5LzExNTQ2X3dpenVhbGl6YWNqYTEwLmpwZyN2PTE3NTQ2NjI3MzY=/3x2_l:fill_and_crop/mieszkanie-w-inwestycji-esencja-gdansk-40-m.jpg
gratka-f-195880,0,https://thumbs.cdngr.pl/thumb/aHR0cDovL21lZGlhLmRvbXkucGwvaW1nL2Rld2Vsb3Blcnp5LzExMzkxX3dpenVhbGl6YWNqYTEuanBnI3Y9MTc1MjgxNjE3MA==/3x2_l:fill_and_crop/mieszkanie-w-inwestycji-jaskolcza-gdansk-91-m.jpg
gratka-f-195880,1,https://thumbs.cdngr.pl/thumb/aHR0cDovL21lZGlhLmRvbXkucGwvaW1nL2Rld2Vsb3Blcnp5LzExMzkxX3dpenVhbGl6YWNqYTIuanBnI3Y9MTc1MjgxNjE3MA==/3x2_l:fill_and_crop/mieszkanie-w-inwestycji-jaskolcza-gdansk-91-m.jpg
gratka-f-195880,2,https://thumbs.cdngr.pl/thumb/aHR0cDovL21lZGlhLmRvbXkucGwvaW1nL2Rld2Vsb3Blcnp5LzExMzkxX3dpenVhbGl6YWNqYTMuanBnI3Y9MTc1MjgxNjE3MA==/3x2_l:fill_and_crop/mieszkanie-w-inwestycji-jaskolcza-gdansk-91-m.jpg
gratka-f-195880,3,https://thumbs.cdngr.pl/thumb/aHR0cDovL21lZGlhLmRvbXkucGwvaW1nL2Rld2Vsb3Blcnp5LzExMzkxX3dpenVhbGl6YWNqYTQuanBnI3Y9MTc1MjgxNjE3MA==/3x2_l:fill_and_crop/mieszkanie-w-inwestycji-jaskolcza-gdansk-91-m.jpg
